-- phpMyAdmin SQL Dump
-- version 5.0.3
-- https://www.phpmyadmin.net/
--
-- Host: 127.0.0.1
-- Generation Time: Feb 14, 2021 at 12:59 AM
-- Server version: 10.4.14-MariaDB
-- PHP Version: 7.2.34

SET SQL_MODE = "NO_AUTO_VALUE_ON_ZERO";
START TRANSACTION;
SET time_zone = "+00:00";


/*!40101 SET @OLD_CHARACTER_SET_CLIENT=@@CHARACTER_SET_CLIENT */;
/*!40101 SET @OLD_CHARACTER_SET_RESULTS=@@CHARACTER_SET_RESULTS */;
/*!40101 SET @OLD_COLLATION_CONNECTION=@@COLLATION_CONNECTION */;
/*!40101 SET NAMES utf8mb4 */;

--
-- Database: `stou`
--

-- --------------------------------------------------------

--
-- Table structure for table `course`
--

CREATE TABLE `course` (
  `course_id` varchar(2) NOT NULL,
  `course_name` varchar(200) NOT NULL,
  `math` varchar(1) NOT NULL,
  `sci` varchar(1) NOT NULL,
  `write_exam` varchar(1) NOT NULL,
  `train` varchar(1) NOT NULL,
  `online` varchar(1) NOT NULL
) ENGINE=InnoDB DEFAULT CHARSET=utf8;

--
-- Dumping data for table `course`
--

INSERT INTO `course` (`course_id`, `course_name`, `math`, `sci`, `write_exam`, `train`, `online`) VALUES
('01', 'สาขาวิชาศิลปศาสตร์ - ไทยคดีศึกษา', 'N', 'N', 'Y', 'N', 'N'),
('02', 'สาขาวิชาศิลปศาสตร์ - สารสนเทศทั่วไป', 'N', 'N', 'N', 'N', 'N'),
('03', 'สาขาวิชาศิลปศาสตร์ - สารสนเทศสำนักงาน', 'N', 'N', 'N', 'N', 'N'),
('04', 'สาขาวิชาศิลปศาสตร์ - ภาษาอังกฤษ', 'N', 'N', 'Y', 'N', 'Y'),
('05', 'สาขาวิชามนุษยนิเวศศาสตร์ - อาหาร โภชนาการและการประยุกต์', 'Y', 'Y', 'N', 'Y', 'N'),
('06', 'สาขาวิชามนุษยนิเวศศาสตร์ - พัฒนาการมนุษย์และครอบครัว', 'Y', 'N', 'N', 'N', 'N'),
('07', 'สาขาวิชาศึกษาศาสตร์ - การพัฒนาเด็กปฐมวัย', 'N', 'N', 'Y', 'N', 'N'),
('08', 'สาขาวิชาศึกษาศาสตร์ - การแนะแนวและการปรึกษาเชิงจิตวิทยา', 'N', 'N', 'Y', 'N', 'N'),
('09', 'สาขาวิชาศึกษาศาสตร์ - การเรียนรู้ตลอดชีวิต', 'N', 'N', 'Y', 'N', 'N'),
('10', 'สาขาวิชาศึกษาศาสตร์ - เทคโนโลยีและสื่อสารการศึกษา', 'N', 'N', 'Y', 'N', 'N'),
('11', 'สาขาวิชารัฐศาสตร์ - การเมืองการปกครอง', 'N', 'N', 'Y', 'N', 'N'),
('12', 'สาขาวิชารัฐศาสตร์ - ความสัมพันธ์ระหว่างประเทศ', 'N', 'N', 'Y', 'N', 'N'),
('13', 'สาขาวิชาวิทยาการจัดการ - การจัดการงานก่อสร้าง', 'Y', 'N', 'N', 'N', 'Y'),
('14', 'สาขาวิชาวิทยาการจัดการ - การจัดการ', 'Y', 'N', 'N', 'N', 'N'),
('15', 'สาขาวิชาวิทยาการจัดการ - การเงิน', 'Y', 'N', 'N', 'N', 'N'),
('16', 'สาขาวิชาวิทยาการจัดการ - การตลาด', 'Y', 'N', 'N', 'N', 'N'),
('17', 'สาขาวิชาวิทยาการจัดการ - การจัดการการท่องเที่ยว', 'Y', 'N', 'N', 'Y', 'N'),
('18', 'สาขาวิชาวิทยาการจัดการ - บัญชีบัณฑิต', 'Y', 'N', 'Y', 'N', 'N'),
('19', 'สาขาวิชาวิทยาการจัดการ - รัฐประศาสนศาสตร์บัณฑิต', 'N', 'N', 'N', 'N', 'N'),
('20', 'สาขาวิชาเกษตรศาสตร์และสหกรณ์ - ส่งเสริมและพัฒนาการเกษตร', 'Y', 'N', 'N', 'N', 'N'),
('21', 'สาขาวิชาเกษตรศาสตร์และสหกรณ์ - การจัดการทรัพยากรป่าไม้และสิ่งแวดล้อม', 'Y', 'Y', 'N', 'Y', 'N'),
('22', 'สาขาวิชาเกษตรศาสตร์และสหกรณ์ - การจัดการการผลิตพืช', 'Y', 'Y', 'N', 'Y', 'N'),
('23', 'สาขาวิชาเกษตรศาสตร์และสหกรณ์ - การจัดการการผลิตสัตว์', 'Y', 'Y', 'N', 'Y', 'N'),
('24', 'สาขาวิชาเกษตรศาสตร์และสหกรณ์ - ธุรกิจการเกษตร', 'Y', 'Y', 'N', 'N', 'N'),
('25', 'สาขาวิชาเกษตรศาสตร์และสหกรณ์ - สหกรณ์', 'Y', 'N', 'N', 'N', 'N'),
('26', 'สาขาวิชานิติศาสตร์', 'N', 'N', 'Y', 'N', 'N'),
('27', 'สาขาวิชานิเทศศาสตร์', 'N', 'N', 'Y', 'Y', 'N'),
('28', 'สาขาวิชาวิทยาศาสตร์สุขภาพ - สาธารณสุขชุมชน', 'Y', 'Y', 'N', 'Y', 'N'),
('29', 'สาขาวิชาวิทยาศาสตร์สุขภาพ - อาชีวอนามัยและความปลอดภัย', 'Y', 'Y', 'N', 'Y', 'N'),
('30', 'สาขาวิชาวิทยาศาสตร์สุขภาพ - แพทย์แผนไทย', 'Y', 'Y', 'Y', 'Y', 'N'),
('31', 'สาขาวิชาวิทยาศาสตร์และเทคโนโลยี - การจัดการเทคโนโลยีสารสนเทศและการสื่อสาร', 'Y', 'Y', 'Y', 'Y', 'N'),
('32', 'สาขาวิชาวิทยาศาสตร์และเทคโนโลยี - วิทยาการคอมพิวเตอร์', 'Y', 'Y', 'Y', 'Y', 'N'),
('33', 'สาขาวิชาวิทยาศาสตร์และเทคโนโลยี - เทคโนโลยีการผลิตอุตสาหกรรม', 'Y', 'Y', 'Y', 'Y', 'N'),
('34', 'สาขาวิชาวิทยาศาสตร์และเทคโนโลยี - เทคโนโลยีการพิมพ์และบรรจุภัณฑ์', 'Y', 'Y', 'Y', 'Y', 'N'),
('35', 'สาขาวิชาเศรษฐศาสตร์ - เศรษฐศาสตร์', 'Y', 'N', 'Y', 'N', 'N'),
('36', 'สาขาวิชาเศรษฐศาสตร์ - เศรษฐศาสตร์ธุรกิจ', 'Y', 'N', 'Y', 'N', 'N');

-- --------------------------------------------------------

--
-- Table structure for table `exam`
--

CREATE TABLE `exam` (
  `sub_id` varchar(5) NOT NULL,
  `ex_id` int(11) NOT NULL,
  `ex_quest` varchar(200) NOT NULL,
  `ex_ans` int(11) NOT NULL
) ENGINE=InnoDB DEFAULT CHARSET=utf8;

--
-- Dumping data for table `exam`
--

INSERT INTO `exam` (`sub_id`, `ex_id`, `ex_quest`, `ex_ans`) VALUES
('10111', 10111001, 'what is this?', 1),
('10111', 10111002, 'How are you?', 2),
('10111', 10111003, 'What is city of China?', 4),
('10111', 10111004, 'What is color?', 1),
('10111', 10111005, 'What’s your job?', 4),
('10111', 10111006, 'How old are you?', 1),
('10111', 10111007, 'When is your birthday?', 3),
('10111', 10111008, 'Do you have a mobile phone? ', 3),
('10111', 10111009, 'Who is your favorite singer?  ', 2),
('10111', 10111010, 'What is your favorite food?', 2),
('10111', 10111011, 'What’s your favorite movie?', 2),
('10111', 10111012, 'What’s your favorite sport?', 4),
('10111', 10111013, 'What animals do you like? ', 3),
('10121', 10121001, 'อารยธรรม คืออะไร', 1),
('10121', 10121002, 'เมืองหลวงประเทศไทย', 2),
('10121', 10121003, 'มาบุญครอง อยู่เขตใด', 4),
('10121', 10121004, 'ข้อใด คืออารยธรรมตะวันตก', 1),
('10121', 10121005, 'สัมฤทธิบัตร คืออะไร', 2),
('10121', 10121006, 'ซุส เป็นเทพเจ้าในประเทศใด', 4),
('10121', 10121007, 'สัตว์ประจำชาติไทย', 1),
('10121', 10121008, 'English คืออะไร', 3),
('10121', 10121009, 'แม่น้ำใด ที่เป็นความเชื่อศาสนาพุทธ', 1),
('10121', 10121010, 'โควิด 19 เกิดขึ้นที่เมืองใด', 3),
('10121', 10121011, 'เมืองหลวงประเทศรัสเซีย', 1),
('10121', 10121012, 'สัญลักษณ์วันคริสมาสต์', 4),
('10121', 10121013, 'ประเทศไทยใด ไม่อยู่ในทะเลจีนใต้', 4),
('10131', 10131001, 'ทดสอบ', 1);

-- --------------------------------------------------------

--
-- Table structure for table `exam_choice`
--

CREATE TABLE `exam_choice` (
  `ex_id` int(11) NOT NULL,
  `ex_choice` int(11) NOT NULL,
  `ex_desc` varchar(200) NOT NULL
) ENGINE=InnoDB DEFAULT CHARSET=utf8;

--
-- Dumping data for table `exam_choice`
--

INSERT INTO `exam_choice` (`ex_id`, `ex_choice`, `ex_desc`) VALUES
(10111001, 1, 'This is a pen.'),
(10111001, 2, 'This.'),
(10111001, 3, 'That.'),
(10111001, 4, 'Those.'),
(10111003, 1, 'Bangkok'),
(10111003, 2, 'Krabi'),
(10111003, 3, 'Chaing mai'),
(10111003, 4, 'Beijing'),
(10111004, 1, 'Green.'),
(10111004, 2, 'Tea.'),
(10111004, 3, 'water'),
(10111004, 4, 'soda'),
(10111005, 1, 'ok'),
(10111005, 2, 'thank you'),
(10111005, 3, 'no'),
(10111005, 4, 'employee'),
(10111006, 1, '13'),
(10111006, 2, 'ok'),
(10111006, 3, 'yes'),
(10111006, 4, 'no'),
(10111007, 1, 'march'),
(10111007, 2, 'october'),
(10111007, 3, 'wednesday'),
(10111007, 4, 'april'),
(10111008, 1, '13 years old.'),
(10111008, 2, 'I have a pen.'),
(10111008, 3, '02-504-7788'),
(10111008, 4, 'I do.'),
(10111009, 1, 'สรพงษ์ ชาตรี'),
(10111009, 2, 'Taylor Swift'),
(10111009, 3, 'ปวีณา หงสกุล'),
(10111009, 4, 'ธนาธร ศรีชาพรรณ'),
(10111010, 1, 'Pepsi'),
(10111010, 2, 'KFC'),
(10111010, 3, 'Orange'),
(10111010, 4, 'Grape'),
(10111011, 1, 'ice'),
(10111011, 2, 'Harry Potter'),
(10111011, 3, 'tea'),
(10111011, 4, 'candy'),
(10111012, 1, 'T Shirt'),
(10111012, 2, 'Transformer'),
(10111012, 3, 'KFC'),
(10111012, 4, 'Football'),
(10111013, 1, 'doll'),
(10111013, 2, 'gun'),
(10111013, 3, 'cat'),
(10111013, 4, 'glass'),
(10121001, 1, 'สิ่งดีงาม'),
(10121001, 2, 'มนุษย์จักรกล'),
(10121001, 3, 'ตำรวจ'),
(10121001, 4, 'ของเล่น'),
(10121002, 1, 'อุดรธานี'),
(10121002, 2, 'กรุงเทพมหานคร'),
(10121002, 3, 'นนทบุรี'),
(10121002, 4, 'สมุทรปราการ'),
(10121003, 1, 'คลองเตย'),
(10121003, 2, 'หลักสี่'),
(10121003, 3, 'สะพานใหม่'),
(10121003, 4, 'สามย่าน'),
(10121004, 1, 'คริสมาสต์'),
(10121004, 2, 'ตรุษจีน'),
(10121004, 3, 'สงกรานต์'),
(10121004, 4, 'แห่นาค'),
(10121005, 1, 'เรียนหนังสือ'),
(10121005, 2, 'เรียนล่วงหน้า'),
(10121005, 3, 'เรียนตามอัธยาศัย'),
(10121005, 4, 'เรียนทางไกล'),
(10121006, 1, 'ไทย'),
(10121006, 2, 'นิคารากัว'),
(10121006, 3, 'เวียตนาม'),
(10121006, 4, 'กรีซ'),
(10121007, 1, 'ช้าง'),
(10121007, 2, 'หมา'),
(10121007, 3, 'แมว'),
(10121007, 4, 'กระจ่าย'),
(10121008, 1, 'ภาษาไทย'),
(10121008, 2, 'ภาษาสวีเดน'),
(10121008, 3, 'ภาษาอังกฤษ'),
(10121008, 4, 'ภาษาจีน'),
(10121009, 1, 'แม่น้ำคงคา'),
(10121009, 2, 'แม่น้ำเจ้าพระยา'),
(10121009, 3, 'แม่น้ำป่าสัก'),
(10121009, 4, 'แม่น้ำสาละวัน'),
(10121010, 1, 'หยางโจว'),
(10121010, 2, 'ปักกิ่ง'),
(10121010, 3, 'อู่ฮั่น'),
(10121010, 4, 'ฉงฉิ่ง'),
(10121011, 1, 'มอสโคว'),
(10121011, 2, 'โตเกียว'),
(10121011, 3, 'โซล'),
(10121011, 4, 'ปันจาบ'),
(10121012, 1, 'หมู'),
(10121012, 2, 'หมา'),
(10121012, 3, 'กา'),
(10121012, 4, 'ซานต้า'),
(10121013, 1, 'เวียตนาม'),
(10121013, 2, 'มาเลเซีย'),
(10121013, 3, 'กัมพูชา'),
(10121013, 4, 'อินเดีย'),
(10131001, 1, 'ๅ'),
(10131001, 2, '/'),
(10131001, 3, '-'),
(10131001, 4, 'ภ');

-- --------------------------------------------------------

--
-- Table structure for table `exam_user`
--

CREATE TABLE `exam_user` (
  `sub_id` varchar(5) NOT NULL,
  `ex_id` int(11) NOT NULL,
  `active_no` int(11) NOT NULL
) ENGINE=InnoDB DEFAULT CHARSET=utf8;

--
-- Dumping data for table `exam_user`
--

INSERT INTO `exam_user` (`sub_id`, `ex_id`, `active_no`) VALUES
('10121', 10121001, 8),
('10121', 10121002, 1),
('10121', 10121003, 2),
('10121', 10121004, 5),
('10121', 10121005, 9),
('10121', 10121007, 3),
('10121', 10121008, 7),
('10121', 10121009, 4),
('10121', 10121010, 6),
('10121', 10121013, 10),
('10111', 10111001, 1);

-- --------------------------------------------------------

--
-- Table structure for table `grade`
--

CREATE TABLE `grade` (
  `user` varchar(20) NOT NULL,
  `sub_id` varchar(5) NOT NULL,
  `sub_name` varchar(200) NOT NULL,
  `term_no` int(11) NOT NULL,
  `term_year` int(11) NOT NULL,
  `grade` varchar(2) NOT NULL
) ENGINE=InnoDB DEFAULT CHARSET=utf8;

--
-- Dumping data for table `grade`
--

INSERT INTO `grade` (`user`, `sub_id`, `sub_name`, `term_no`, `term_year`, `grade`) VALUES
('test', '10103', 'ทักษะชีวิต', 1, 2564, 'U'),
('test', '11111', 'สังคมและวัฒนธรรมไทย', 1, 2564, 'S'),
('test', '32205', 'การบัญชีขั้นกลาง 2', 3, 2559, 'H*'),
('test', '99312', 'คณิตศาสตร์สำหรับเทคโนโลยีสารสนเทศและการสื่อสาร', 1, 2564, 'U*');

-- --------------------------------------------------------

--
-- Table structure for table `news`
--

CREATE TABLE `news` (
  `news_id` int(11) NOT NULL,
  `news_title` varchar(1000) NOT NULL,
  `news_content` varchar(2000) NOT NULL,
  `news_date` datetime NOT NULL
) ENGINE=InnoDB DEFAULT CHARSET=utf8;

--
-- Dumping data for table `news`
--

INSERT INTO `news` (`news_id`, `news_title`, `news_content`, `news_date`) VALUES
(3, 'ประกาศผลสอบ 2/63', 'วันที่ 20 สิงหาคม 2564 วันประกาศผลสอบ\r\nและ วันลงทะเบียนสอบซ่อม 30 ตุลาคม 2564', '2021-02-12 13:10:30'),
(4, 'วันหยุดมหาวิทยาลัย', '1 มกราคม วันหยุด ปีใหม่\r\n14 กุมพาพันธ์ วันวาเลนไทม์\r\n24 กุมพาพันธ์ วันมาฆบูชา\r\n12-16 เมษายน วันสงกรานต์', '2021-02-12 13:12:39'),
(5, 'รับสมัครนักศึกษาใหม่', 'วันนี้ ลดราคา 800 บาท รับสมัครนักศึกษาใหม่\r\nเปิดทุกเอก ทุกสาขาวิชา\r\nระบบการเียนทางไกลออนไลน์', '2021-02-12 13:12:56'),
(6, 'ทดสอบ', 'ทดสอบ ทดสอบ ของใหม่', '2021-02-13 12:48:30');

-- --------------------------------------------------------

--
-- Table structure for table `subject`
--

CREATE TABLE `subject` (
  `sub_id` varchar(5) NOT NULL,
  `sub_name` varchar(200) NOT NULL,
  `term_no` int(11) NOT NULL,
  `term_all` varchar(1) NOT NULL,
  `has_exam` varchar(1) NOT NULL DEFAULT 'N',
  `exam_exam` varchar(1) NOT NULL DEFAULT 'N'
) ENGINE=InnoDB DEFAULT CHARSET=utf8;

--
-- Dumping data for table `subject`
--

INSERT INTO `subject` (`sub_id`, `sub_name`, `term_no`, `term_all`, `has_exam`, `exam_exam`) VALUES
('10111', 'ภาษาอังกฤษเพื่อการสื่อสาร', 12, 'Y', 'Y', 'Y'),
('10121', 'อารยธรรมมนุษย์', 12, 'Y', 'Y', 'Y'),
('10131', 'สังคมมนุษย์', 12, 'Y', 'Y', 'N'),
('10141', 'วิทยาศาสตร์ เทคโนโลยีและสิ่งแวดล้อมเพื่อชีวิต', 12, 'Y', 'N', 'N'),
('10151', 'ไทยศึกษา', 12, 'Y', 'N', 'N'),
('10152', 'ไทยกับสังคมโลก', 12, 'Y', 'N', 'N'),
('10161', 'ภาษาไทยเพื่อการสื่อสาร', 12, 'Y', 'N', 'N'),
('10162', 'ภาษาจีนเพื่อการสื่อสาร', 12, 'Y', 'N', 'N'),
('10163', 'ภาษาเขมรเพื่อการสื่อสาร', 12, 'Y', 'N', 'N'),
('10164', 'สังคมและวัฒนธรรมอาเซียน', 12, 'Y', 'N', 'N'),
('10171', 'การใช้ภาษาอังกฤษ', 12, 'Y', 'N', 'N'),
('10172', 'การอ่านภาษาอังกฤษ', 12, 'Y', 'N', 'N'),
('10173', 'การเขียนภาษาอังกฤษ', 2, 'N', 'N', 'N'),
('10201', 'ประวัติศาสตร์ไทย', 1, 'N', 'N', 'N'),
('10202', 'การอ่านภาษาไทย', 2, 'N', 'N', 'N'),
('10203', 'พฤติกรรมมนุษย์', 2, 'N', 'N', 'N'),
('11006', 'ภาษาจีนเพื่อการพาณิชย์', 1, 'N', 'N', 'N'),
('11007', 'ภาษาจีนเพื่อการท่องเที่ยว', 2, 'N', 'N', 'N'),
('11008', 'ภาษาจีนเพื่ออุตสาหกรรมการบริการ', 1, 'N', 'N', 'N'),
('11009', 'ภาษาและวัฒนธรรมจีน', 2, 'N', 'N', 'N'),
('11010', 'พื้นฐานสังคมและวัฒนธรรมเขมร', 1, 'N', 'N', 'N'),
('11011', 'การอ่านและการเขียนภาษาเขมร', 12, 'Y', 'N', 'N'),
('11012', 'ภาษาเขมรเชิงธุรกิจ', 2, 'N', 'N', 'N'),
('11013', 'ภาษาเขมรเพื่อการท่องเที่ยว', 2, 'N', 'N', 'N'),
('11111', 'สังคมและวัฒนธรรมไทย', 1, 'N', 'N', 'N'),
('11112', 'วัฒนธรรมพื้นบ้านของไทย', 1, 'N', 'N', 'N'),
('11201', 'คณิตศาสตร์สำหรับสังคมศาสตร์', 12, 'Y', 'N', 'N'),
('11301', 'ภาษาอังกฤษสำหรับนักธุรกิจ', 2, 'N', 'N', 'N'),
('11302', 'ภาษาอังกฤษเพื่อการท่องเที่ยว', 2, 'N', 'N', 'N'),
('11303', 'ภาษาอังกฤษสำหรับพนักงานโรงแรม', 2, 'N', 'N', 'N'),
('11304', 'ภาษาอังกฤษสำหรับเจ้าหน้าที่สานักงาน', 2, 'N', 'N', 'N'),
('11305', 'ภาษาอังกฤษสำหรับผู้ใช้คอมพิวเตอร์', 2, 'N', 'N', 'N'),
('11306', 'ภาษาอังกฤษสำหรับบุคลากรสาธารณสุข', 2, 'N', 'N', 'N'),
('11307', 'ภาษาอังกฤษสำหรับช่าง', 2, 'N', 'N', 'N'),
('11308', 'ภาษาอังกฤษเพื่อการเกษตร', 2, 'N', 'N', 'N'),
('11311', 'ภาษาอังกฤษสำหรับครูสอนภาษา', 2, 'N', 'N', 'N'),
('11312', 'ภาษาอังกฤษสำหรับงานอาชีพในประชาคมอาเซียน', 2, 'N', 'N', 'N'),
('12301', 'วิวัฒนาการการเมืองไทย', 1, 'N', 'N', 'N'),
('12302', 'เศรษฐกิจไทย', 2, 'N', 'N', 'N'),
('12303', 'สังคมไทย', 2, 'N', 'N', 'N'),
('12304', 'ความเชื่อและศาสนาในสังคมไทย', 2, 'N', 'N', 'N'),
('12305', 'ศิลปะกับสังคมไทย', 1, 'N', 'N', 'N'),
('12306', 'วรรณคดีไทย', 1, 'N', 'N', 'N'),
('12307', 'วิทยาศาสตร์และเทคโนโลยีของไทย', 2, 'N', 'N', 'N'),
('12310', 'วิถีไทย', 2, 'N', 'N', 'N'),
('12311', 'โลกทัศน์ไทย', 2, 'N', 'N', 'N'),
('12312', 'ประวัติศาสตร์การเมืองและเศรษฐกิจไทย', 2, 'N', 'N', 'N'),
('12313', 'ท้องถิ่นไทย', 1, 'N', 'N', 'N'),
('12402', 'วัฒนธรรมกับการท่องเที่ยว', 2, 'N', 'N', 'N'),
('12406', 'ไทยกับการปรับประเทศให้ทันสมัย', 2, 'N', 'N', 'N'),
('12407', 'แนวคิดไทย', 1, 'N', 'N', 'N'),
('12409', 'ประสบการณ์ไทยคดีศึกษา', 12, 'Y', 'N', 'N'),
('12410', 'ลักษณะภาษาไทย', 1, 'N', 'N', 'N'),
('12411', 'ภาษาถิ่นและวรรณกรรมท้องถิ่นไทย', 1, 'N', 'N', 'N'),
('1312', 'สถิติพนื้ ฐานและการประยกุ ต์ในงานอาหารและโภชนาการ', 1, 'N', 'N', 'N'),
('13201', 'สารสนเทศศาสตร์เบื้องต้น', 1, 'N', 'N', 'N'),
('13202', 'การสื่อสารในงานสารสนเทศ', 2, 'N', 'N', 'N'),
('13203', 'การวิจัยเบื้องต้นทางสารสนเทศศาสตร์', 1, 'N', 'N', 'N'),
('13311', 'การพัฒนาทรัพยากรสารสนเทศ', 2, 'N', 'N', 'N'),
('13312', 'การวิเคราะห์สารสนเทศ', 1, 'N', 'N', 'N'),
('13313', 'การบริการและเผยแพร่สารสนเทศ', 2, 'N', 'N', 'N'),
('13314', 'การจัดการองค์การสารสนเทศ', 2, 'N', 'N', 'N'),
('13321', 'การเขียนเพื่อการสื่อสารธุรกิจ', 2, 'N', 'N', 'N'),
('13323', 'การจัดการการเงินและการจัดการการด าเนินงาน', 1, 'N', 'N', 'N'),
('13401', 'ประสบการณ์วิชาชีพสารสนเทศศาสตร์', 12, 'Y', 'N', 'N'),
('13411', 'ทรัพยากรสารสนเทศลักษณะพิเศษ', 1, 'N', 'N', 'N'),
('13412', 'แหล่งสารสนเทศทางสังคมศาสตร์มนุษยศาสตร์  และวิทยาศาสตร์', 1, 'N', 'N', 'N'),
('13413', 'เทคโนโลยีสารสนเทศเบื้องต้น', 12, 'Y', 'N', 'N'),
('13414', 'การจัดการทรัพยากรสารสนเทศท้องถิ่น', 1, 'N', 'N', 'N'),
('13421', 'การจัดการงานส านักงาน', 1, 'N', 'N', 'N'),
('13422', 'พฤติกรรมองค์การและการจัดการการตลาด', 2, 'N', 'N', 'N'),
('13423', 'ระบบสารสนเทศสานักงาน', 2, 'N', 'N', 'N'),
('14111', 'ทักษะการเรียนรู้ภาษาอังกฤษด้วยตนเอง', 12, 'Y', 'N', 'N'),
('14212', 'ไวยากรณ์ภาษาอังกฤษเพื่อการสื่อสาร', 1, 'N', 'N', 'N'),
('14213', 'การอ่านภาษาอังกฤษ 1', 2, 'N', 'N', 'N'),
('14214', 'การเขียนภาษาอังกฤษ 1', 2, 'N', 'N', 'N'),
('14215', 'ภาษาศาสตร์ภาษาอังกฤษเบื้องต้น', 1, 'N', 'N', 'N'),
('14216', 'การสื่อสารระหว่างวัฒนธรรม', 2, 'N', 'N', 'N'),
('14317', 'การอ่านภาษาอังกฤษ 2', 1, 'N', 'N', 'N'),
('14318', 'หลักการแปล', 1, 'N', 'N', 'N'),
('14319', 'ทักษะการแปลภาษาอังกฤษ', 2, 'N', 'N', 'N'),
('14320', 'การออกเสียงภาษาอังกฤษ', 12, 'Y', 'N', 'N'),
('14421', 'การเขียนภาษาอังกฤษ 2', 1, 'N', 'N', 'N'),
('14422', 'การนา เสนองานเป็นภาษาอังกฤษอย่างมีประสิทธิผล', 1, 'N', 'N', 'N'),
('14423', 'ประสบการณ์วิชาชีพภาษาอังกฤษ', 12, 'Y', 'N', 'N'),
('15205', 'หลักการประชาสัมพันธ์และโฆษณา  สำหรับนักนิเทศศาสตร์', 1, 'N', 'N', 'N'),
('15206', 'ภาษาและทักษะเพื่อการสื่อสาร', 12, 'Y', 'N', 'N'),
('15231', 'ความรู้เบื้องต้นเกี่ยวกับสื่อมวลชน', 12, 'Y', 'N', 'N'),
('15232', 'ทฤษฎีและพฤติกรรมการสื่อสาร', 2, 'N', 'N', 'N'),
('15233', 'ความรู้ทางสังคมศาสตร์และเทคโนโลยีสำหรับนักนิเทศศาสตร์', 12, 'Y', 'N', 'N'),
('15234', 'การสร้างสารในงานนิเทศศาสตร์', 2, 'N', 'N', 'N'),
('15266', 'สื่อศึกษา', 2, 'N', 'N', 'N'),
('15307', 'กฎหมายและจริยธรรมด้านนิเทศศาสตร์', 1, 'N', 'N', 'N'),
('15335', 'การวิจัยทางนิเทศศาสตร์', 2, 'N', 'N', 'N'),
('15336', 'การบริหารกิจการสื่อสาร', 12, 'Y', 'N', 'N'),
('15337', 'การสื่อสารกับการพัฒนา', 1, 'N', 'N', 'N'),
('16338', 'การสื่อข่าวและการเขียนข่าว', 1, 'N', 'N', 'N'),
('16339', 'การรายงานข่าวและการบรรณาธิกร', 2, 'N', 'N', 'N'),
('16343', 'การเขียนบทวิทยุกระจายเสียง', 2, 'N', 'N', 'N'),
('16344', 'การพูดและการแสดงสำหรับวิทยุกระจายเสียง', 1, 'N', 'N', 'N'),
('16347', 'การสร้างสรรค์รายการโทรทัศน์', 1, 'N', 'N', 'N'),
('16350', 'ศิลปะภาพถ่ายและภาพยนตร์', 1, 'N', 'N', 'N'),
('16351', 'ทฤษฎีและการวิจารณ์ภาพยนตร์', 2, 'N', 'N', 'N'),
('16353', 'หลักการสื่อสารการตลาด', 1, 'N', 'N', 'N'),
('16354', 'สื่อโฆษณา', 2, 'N', 'N', 'N'),
('16356', 'กลยุทธ์การประชาสัมพันธ์', 2, 'N', 'N', 'N'),
('16359', 'ความรเู้บื้องต้นการสื่อสารชุมชน', 1, 'N', 'N', 'N'),
('16360', 'การศึกษาชุมชนเพื่อการวิจัยและพัฒนา', 1, 'N', 'N', 'N'),
('16361', 'การบริหารจัดการและกลยุทธ์การสื่อสารชุมชน', 1, 'N', 'N', 'N'),
('16374', 'การสร้างสารเพื่อผลิตรายการโทรทัศน์', 1, 'N', 'N', 'N'),
('16412', 'ประสบการณ์วิชาชีพนิเทศศาสตร์', 12, 'Y', 'N', 'N'),
('16418', 'การบริหารงานวิทยุกระจายเสียง', 2, 'N', 'N', 'N'),
('16419', 'การจัดรายการโทรทัศน์', 2, 'N', 'N', 'N'),
('16421', 'การบริหารงานโทรทัศน์', 2, 'N', 'N', 'N'),
('16423', 'การผลิตภาพยนตร์ขั้นสูง', 2, 'N', 'N', 'N'),
('16424', 'การบริหารงานภาพยนตร์', 2, 'N', 'N', 'N'),
('16426', 'การสร้างสรรค์งานโฆษณา', 1, 'N', 'N', 'N'),
('16427', 'การบริหารงานโฆษณา', 2, 'N', 'N', 'N'),
('16430', 'การบริหารงานประชาสัมพันธ์', 2, 'N', 'N', 'N'),
('16440', 'การเขียนเชิงวารสารศาสตร์', 1, 'N', 'N', 'N'),
('16441', 'การผลิตสื่อสิ่งพิมพ์', 2, 'N', 'N', 'N'),
('16442', 'การบริหารงานสื่อสิ่งพิมพ์', 2, 'N', 'N', 'N'),
('16445', 'การจัดและการผลิตรายการวิทยุกระจายเสียงเบื้องต้น', 1, 'N', 'N', 'N'),
('16446', 'การผลิตรายการวิทยุกระจายเสียง', 2, 'N', 'N', 'N'),
('16448', 'การผลิตรายการโทรทัศน์เบื้องต้น', 1, 'N', 'N', 'N'),
('16449', 'การสร้างสรรค์และการผลิตรายการโทรทัศน์ขั้นสูง', 2, 'N', 'N', 'N'),
('16452', 'การผลิตภาพยนตร์เบื้องต้น', 1, 'N', 'N', 'N'),
('16455', 'การรณรงค์และผลิตงานโฆษณา', 2, 'N', 'N', 'N'),
('16457', 'การเขียนเพื่อการประชาสัมพันธ์', 1, 'N', 'N', 'N'),
('16458', 'การสร้างสรรค์และผลิตงานประชาสัมพันธ์', 2, 'N', 'N', 'N'),
('16462', 'ความรู้และทักษะการสื่อสารชุมชน', 2, 'N', 'N', 'N'),
('16463', 'การวางแผน การออกแบบ และการผลิตสื่อชุมชน', 2, 'N', 'N', 'N'),
('20101', 'พื้นฐานการศึกษา', 12, 'Y', 'N', 'N'),
('20201', 'พัฒนศึกษา', 2, 'N', 'N', 'N'),
('20202', 'วิทยาการการสอน', 2, 'N', 'N', 'N'),
('20203', 'การศึกษากับชีวิตและชุมชน', 1, 'N', 'N', 'N'),
('20301', 'เทคโนโลยีและสื่อสารการศึกษา', 12, 'Y', 'N', 'N'),
('20302', 'สถิติ วิจัย และประเมินผลการศึกษา', 12, 'Y', 'N', 'N'),
('20303', 'จิตวิทยาและวิทยาการการเรียนรู้', 12, 'Y', 'N', 'N'),
('20304', 'พื้นฐานวิชาชีพศึกษาศาสตร์', 12, 'Y', 'N', 'N'),
('20307', 'การพัฒนาหลักสูตร', 1, 'N', 'N', 'N'),
('20308', 'การบริหารจัดการเรียนการสอน', 2, 'N', 'N', 'N'),
('20401', 'ประสบการณ์วิชาชีพศึกษาศาสตร์', 12, 'Y', 'N', 'N'),
('21001', 'พัฒนาการและการเรียนรขู้องเด็กปฐมวัย', 1, 'N', 'N', 'N'),
('21002', 'นวัตกรรมการสื่อสารเพื่อการพัฒนาเด็กปฐมวัย', 1, 'N', 'N', 'N'),
('21003', 'การเล่น ของเล่น และเครอื่ งเล่นสำหรับเด็กปฐมวัย', 1, 'N', 'N', 'N'),
('21004', 'ครอบครัวศึกษากับการพัฒนาเด็กปฐมวัย', 2, 'N', 'N', 'N'),
('21005', 'การประเมินและสร้างเสริมพฤติกรรมเด็กปฐมวัย', 2, 'N', 'N', 'N'),
('21006', 'สุขภาวะเด็กปฐมวัย', 1, 'N', 'N', 'N'),
('21007', 'อาหารและโภชนาการสำหรับเด็กปฐมวัย', 1, 'N', 'N', 'N'),
('21008', 'การพัฒนาทักษะชีวิตสำหรับเด็กปฐมวัย', 1, 'N', 'N', 'N'),
('21009', 'การจัดสภาพแวดล้อมเพื่อพัฒนาเด็กปฐมวัย', 2, 'N', 'N', 'N'),
('21010', 'การดูแลเด็กปฐมวัยที่มีความต้องการพิเศษ', 2, 'N', 'N', 'N'),
('21223', 'แนวการพัฒนาเด็กปฐมวัย', 1, 'N', 'N', 'N'),
('21328', 'นวัตกรรม สื่อและเทคโนโลยีการศึกษาสำหรับเด็กปฐมวัย', 2, 'N', 'N', 'N'),
('21329', 'การพัฒนาเด็กปฐมวัยด้านร่างกาย อารมณ์-จิตใจ และสังคม', 2, 'N', 'N', 'N'),
('21330', 'การพัฒนาเด็กปฐมวัยด้านภาษา', 1, 'N', 'N', 'N'),
('21331', 'การพัฒนาเด็กปฐมวัยด้านการคิด', 1, 'N', 'N', 'N'),
('21426', 'ประสบการณ์วิชาชีพการพัฒนาเด็กปฐมวัย', 12, 'Y', 'N', 'N'),
('22304', 'การแนะแนวในระดับมัธยมศึกษา', 1, 'N', 'N', 'N'),
('23304', 'โรงเรียนกับชุมชน', 1, 'N', 'N', 'N'),
('24401', 'จิตวิทยาและสังคมวิทยาพื้นฐานเพื่อการวัด และประเมินผลการศึกษา', 2, 'N', 'N', 'N'),
('24402', 'การพัฒนาแบบทดสอบวัดผลสัมฤทธิ์ทางการเรียน', 12, 'Y', 'N', 'N'),
('24403', 'การวัดและประเมินผลกลุ่มวิชาเตรียมประสบการณ์', 1, 'N', 'N', 'N'),
('24404', 'การวัดและประเมินผลกลุ่มวิชาทักษะ และสร้างเสริมประสบการณ์', 1, 'N', 'N', 'N'),
('24405', 'การวัดและประเมินผลกลุ่มวิชาเฉพาะ', 1, 'N', 'N', 'N'),
('24407', 'ประสบการณ์วิชาชีพการวัดและประเมินผลการศึกษา', 12, 'Y', 'N', 'N'),
('24411', 'การพัฒนาเครื่องมือวัดด้านพุทธิพิสัย', 2, 'N', 'N', 'N'),
('24412', 'การพัฒนาเครื่องมือวัดด้านเจตพิสัยและทักษะพิสัย', 12, 'Y', 'N', 'N'),
('24413', 'การประเมินโครงการ', 1, 'N', 'N', 'N'),
('24414', 'การประเมินหลักสูตร', 1, 'N', 'N', 'N'),
('24415', 'การวัดและประเมินอิงมาตรฐานการเรียนรู้', 1, 'N', 'N', 'N'),
('24417', 'การบริหารงานการวัดและประเมินผลการศึกษา', 2, 'N', 'N', 'N'),
('25301', 'จิตวิทยาและสังคมวิทยาพื้นฐานเพื่อการแนะแนวและ การปรึกษาเชิงจิตวิทยา', 2, 'N', 'N', 'N'),
('25302', 'หลักและระบบงานแนะแนวและการปรึกษาเชิงจิตวิทยา', 1, 'N', 'N', 'N'),
('25303', 'การแนะแนวและการปรึกษาเชิงจิตวิทยากับคุณภาพชีวิต', 2, 'N', 'N', 'N'),
('25304', 'การแนะแนวในระดับประถมศึกษา', 1, 'N', 'N', 'N'),
('25405', 'เทคนิคการปรึกษาเบื้องต้น', 2, 'N', 'N', 'N'),
('25406', 'กิจกรรมและเครอื่ งมือแนะแนว', 1, 'N', 'N', 'N'),
('25407', 'ประสบการณ์วิชาชีพการแนะแนว', 1, 'N', 'N', 'N'),
('25411', 'ประสบการณ์วิชาชีพการแนะแนวและการปรึกษาเชิงจิตวิทยา', 2, 'N', 'N', 'N'),
('26301', 'การเรียนรตู้ลอดชีวิตและการศึกษานอกระบบ', 1, 'N', 'N', 'N'),
('26302', 'การจัดการศึกษานอกระบบเพื่อการเรียนรู้ในชุมชน', 2, 'N', 'N', 'N'),
('26403', 'แหล่งวิทยาการชุมชนเพื่อการศึกษานอกระบบ', 1, 'N', 'N', 'N'),
('26404', 'หลักการเรียนรู้และเทคนิคการฝึกอบรม', 12, 'Y', 'N', 'N'),
('26405', 'การเรียนรู้ทางไกล', 2, 'N', 'N', 'N'),
('26406', 'การพัฒนาและการใช้สื่อการเรียนรู้เพื่อการเรียนรู้ตลอดชีวิต', 2, 'N', 'N', 'N'),
('26407', 'ประสบการณ์วิชาชีพการเรียนรู้ตลอดชีวิต', 12, 'Y', 'N', 'N'),
('27101', 'อุปกรณ์ทางเทคโนโลยีและสื่อสารการศึกษา', 1, 'N', 'N', 'N'),
('27102', 'เทคโนโลยีทางการสอน', 2, 'N', 'N', 'N'),
('27103', 'สื่อการศึกษาพัฒนสรร', 2, 'N', 'N', 'N'),
('27104', 'วิทยุกระจายเสียงและวิทยุโทรทัศน์เพื่อการศึกษา', 1, 'N', 'N', 'N'),
('27112', 'การบริหารศูนย์สื่อการศึกษา', 2, 'N', 'N', 'N'),
('27117', 'เทคโนโลยีการจัดการศึกษา', 2, 'N', 'N', 'N'),
('27401', 'สื่อการศึกษาขั้นพื้นฐาน', 1, 'N', 'N', 'N'),
('27416', 'ประสบการณ์วิชาชีพเทคโนโลยีและสื่อสารการศึกษา', 12, 'Y', 'N', 'N'),
('30105', 'การบัญชีและการเงินเพื่องานก่อสร้าง', 1, 'N', 'N', 'N'),
('30201', 'ความรู้เบื้องต้นเกี่ยวกับการบริหาร', 12, 'y', 'N', 'N'),
('30203', 'การเงินธุรกิจและการภาษีอากร', 12, 'Y', 'N', 'N'),
('30204', 'องค์การและการจัดการ', 12, 'Y', 'N', 'N'),
('30205', 'คณิตศาสตร์และสถิติ', 12, 'Y', 'N', 'N'),
('30206', 'กฎหมายธุรกิจและการภาษีอากร', 12, 'Y', 'N', 'N'),
('30208', 'การบัญชีการเงินและการบัญชีเพื่อการจัดการ', 12, 'Y', 'N', 'N'),
('30209', 'การเงินธุรกิจและกฎหมายธุรกิจ', 12, 'Y', 'N', 'N'),
('30210', 'การจัดการการผลิตและดำเนินงาน และหลักการตลาด', 12, 'Y', 'N', 'N'),
('30211', 'องค์การและการจัดการ และการจัดการทรัพยากรมนุษย์', 12, 'Y', 'N', 'N'),
('30212', 'คณิตศาสตร์ สถิติธุรกิจ และการวิเคราะห์เชิงปริมาณ เพื่อการตัดสินใจ', 12, 'Y', 'N', 'N'),
('31301', 'การวางแผนงานก่อสร้าง', 1, 'N', 'N', 'N'),
('31302', 'การสำรวจปริมาณและการประมาณราคา', 1, 'N', 'N', 'N'),
('31303', 'การจัดการงานสนาม', 2, 'N', 'N', 'N'),
('31305', 'เทคโนโลยีสารสนเทศเพื่อการจัดการงานก่อสร้าง', 1, 'N', 'N', 'N'),
('31306', 'ทฤษฎีและปฏิบัติการจัดการโครงการเพื่องานก่อสร้าง', 1, 'N', 'N', 'N'),
('31307', 'ทฤษฎีและปฏิบัติการวางแผนงานก่อสร้าง', 1, 'N', 'N', 'N'),
('31311', 'การจัดการโครงการเพื่องานก่อสร้าง', 1, 'N', 'N', 'N'),
('31401', 'การควบคุมและการตรวจงานก่อสร้าง', 2, 'N', 'N', 'N'),
('31405', 'การวิเคราะห์โครงการ', 1, 'N', 'N', 'N'),
('31406', 'ประสบการณ์วิชาชีพการจัดการงานก่อสร้าง', 12, 'Y', 'N', 'N'),
('31407', 'เทคโนโลยีการก่อสร้างขนาดใหญ่', 2, 'N', 'N', 'N'),
('31408', 'เทคโนโลยีการก่อสร้างและเครื่องจักรกล', 1, 'N', 'N', 'N'),
('31410', 'การจัดการงานก่อสร้างอย่างยั่งยืน', 2, 'N', 'N', 'N'),
('31411', 'การจัดการทรัพยากรอาคาร', 1, 'N', 'N', 'N'),
('31412', 'ทฤษฎีและปฏิบัติการควบคุมและการตรวจงานก่อสร้าง', 2, 'N', 'N', 'N'),
('31414', 'โครงการด้านการจัดการงานก่อสร้างและประสบการณ์วิชาชีพการจัดการงานก่อสร้าง', 1, 'N', 'N', 'N'),
('32201', 'คณิตศาสตร์และสถิติเพื่อธุรกิจ', 12, 'Y', 'N', 'N'),
('32204', 'การบัญชีขั้นต้น', 12, 'Y', 'N', 'N'),
('32205', 'การบัญชีขั้นกลาง 2', 12, 'Y', 'N', 'N'),
('32206', 'สถิติธุรกิจและการวิเคราะห์เชิงปริมาณ', 12, 'Y', 'N', 'N'),
('32207', 'การบัญชีขั้นกลาง 1 และระบบสารสนเทศทางการบัญชี', 12, 'Y', 'N', 'N'),
('32208', 'การบัญชีขั้นกลาง 2 รายงานการเงิน และการวิเคราะห์งบการเงิน', 12, 'Y', 'N', 'N'),
('32209', 'การบัญชีขั้นต้นและหลักเบื้องต้นเกี่ยวกับระบบสารสนเทศ และการโรงแรม', 12, 'Y', 'N', 'N'),
('32210', 'องค์การและการจัดการและการจัดการเชิงกลยุทธ์', 12, 'Y', 'N', 'N'),
('32301', 'การจัดการการผลิตและปฏิบัติการ', 12, 'Y', 'N', 'N'),
('32302', 'การจัดการการตลาด', 12, 'Y', 'N', 'N'),
('32303', 'การจัดการการเงิน', 12, 'Y', 'N', 'N'),
('32304', 'การจัดการทรัพยากรมนุษย์', 12, 'Y', 'N', 'N'),
('32308', 'เศรษฐศาสตร์ประยุกต์เพื่อการจัดการ', 2, 'N', 'N', 'N'),
('32310', 'ตลาดการเงิน สถาบัน และนโยบายการเงิน', 1, 'N', 'N', 'N'),
('32311', 'การบัญชีต้นทุนและการบัญชีเพื่อการจัดการ', 12, 'Y', 'N', 'N'),
('32314', 'การบัญชีขั้นสูง 1 และการบัญชีขั้นสูง 2', 12, 'Y', 'N', 'N'),
('32316', 'การจัดการการขายและศิลปะการขาย', 12, 'Y', 'N', 'N'),
('32320', 'การบัญชีขั้นกลาง 1', 2, 'N', 'N', 'N'),
('32321', 'ระบบสารสนเทศทางการบัญชี', 2, 'N', 'N', 'N'),
('32322', 'การสอบบัญชีการบัญชีภาษีอากร และการวางแผนภาษี', 1, 'N', 'N', 'N'),
('32324', 'การสอบบัญชี การตรวจสอบภายในและการควบคุมภายใน', 12, 'Y', 'N', 'N'),
('32325', 'ระบบสารสนเทศเพื่อการจัดการและการจัดการความรู้', 12, 'Y', 'N', 'N'),
('32326', 'การจัดการเชิงกลยุทธ์และการจัดการเพื่อสร้างสมรรถนะ', 12, 'Y', 'N', 'N'),
('32327', 'การจัดการคุณภาพและผลิตภาพ', 12, 'Y', 'N', 'N'),
('32329', 'การบัญชีขั้นกลางและการบัญชีขั้นสูงสำหรับนักการเงิน', 2, 'N', 'N', 'N'),
('32330', 'เศรษฐศาสตร์เพื่อการจัดการและการภาษีอากร', 2, 'N', 'N', 'N'),
('32331', 'ระบบสารสนเทศทางการเงินและการศึกษา ความเป็นไปได้ของโครงการ', 2, 'N', 'N', 'N'),
('32332', 'การจัดการความเสี่ยงและหลักการประกันภัย  และการวิเคราะห์งบการเงิน', 12, 'Y', 'N', 'N'),
('32333', 'การวิเคราะห์พฤติกรรมผู้บริโภค', 12, 'Y', 'N', 'N'),
('32334', 'ระบบสารสนเทศทางการตลาดและการวิจัยการตลาด และการศึกษาความเป็นไปได้', 12, 'Y', 'N', 'N'),
('32335', 'ความรู้เบื้องต้นเกี่ยวกับการท่องเที่ยวและ อุตสาหกรรมท่องเที่ยว', 12, 'Y', 'N', 'N'),
('32336', 'การจัดการทรัพยากรการท่องเที่ยวไทยอย่างยั่งยืน', 12, 'Y', 'N', 'N'),
('32337', 'การจัดการการตลาดเพื่อการท่องเที่ยวและการโรงแรม', 2, 'N', 'N', 'N'),
('32338', 'เทคโนโลยีสารสนเทศสำหรับอุตสาหกรรมท่องเที่ยว', 1, 'N', 'N', 'N'),
('32339', 'การจัดการการเงิน การตลาด และการดาเนินงาน', 12, 'Y', 'N', 'N'),
('32340', 'การเงินส่วนบุคคลและการภาษีอากร', 2, 'N', 'N', 'N'),
('32341', 'ระบบสารสนเทศเพื่อ การจัดการและธุรกิจอิเล็กทรอนิกส์', 1, 'N', 'N', 'N'),
('32342', 'ภาวะผู้นำและพฤติกรรมองค์การ', 1, 'N', 'N', 'N'),
('32343', 'ธุรกิจระหว่างประเทศและการจัดการห่วงโซ่อุปทาน', 2, 'N', 'N', 'N'),
('32344', 'ตลาดการเงิน และสถาบันการเงิน', 2, 'N', 'N', 'N'),
('32361', 'ทรัพยากรการท่องเที่ยวของไทย', 12, 'Y', 'N', 'N'),
('32401', 'การวางแผนและควบคุมงานบริหาร', 12, 'Y', 'N', 'N'),
('32403', 'พฤติกรรมมนุษย์ในองค์การ', 1, 'N', 'N', 'N'),
('32406', 'การจัดการสินเชื่อ', 2, 'N', 'N', 'N'),
('32408', 'การจัดการธุรกิจขนาดย่อมและการค้าปลีก', 2, 'N', 'N', 'N'),
('32414', 'การตลาดสินค้าเกษตรกับเศรษฐกิจของไทย', 2, 'N', 'N', 'N'),
('32417', 'การจัดการและการบัญชีธนาคารพาณิชย์', 2, 'N', 'N', 'N'),
('32421', 'การศึกษาความเป็นไปได้ และการวิเคราะห์โครงการ', 2, 'N', 'N', 'N'),
('32422', 'หลักการประกันภัย', 1, 'N', 'N', 'N'),
('32426', 'การควบคุมคุณภาพและการจัดการสินค้าคงคลัง', 1, 'N', 'N', 'N'),
('32429', 'การบัญชีรัฐบาล การบัญชีกองทุน และการบัญชีเฉพาะกิจการ', 2, 'N', 'N', 'N'),
('32432', 'การจัดการผลิตภัณฑ์และราคา', 12, 'Y', 'N', 'N'),
('32435', 'ประสบการณ์วิชาชีพการตลาด', 12, 'Y', 'N', 'N'),
('32443', 'การใช้เทคโนโลยีสารสนเทศทางการบัญชีและการสอบบัญชี', 12, 'Y', 'N', 'N'),
('32444', 'การสอบบัญชีและการตรวจสอบภายในขั้นสูง', 12, 'Y', 'N', 'N'),
('32445', 'การบัญชีระหว่างประเทศ', 1, 'N', 'N', 'N'),
('32446', 'การบัญชีเพื่อการจัดการขั้นสูง', 12, 'Y', 'N', 'N'),
('32447', 'การบัญชีภาษีอากรและการวางแผนภาษีอากร', 12, 'Y', 'N', 'N'),
('32449', 'การสร้างธุรกิจและการเป็นผู้ประกอบการ', 1, 'N', 'N', 'N'),
('32451', 'พาณิชย์อิเล็กทรอนิกส์และการจัดการธุรกิจนำเข้า-ส่งออก', 1, 'N', 'N', 'N'),
('32452', 'กลยุทธ์การจัดการทรัพยากรมนุษย์และองค์การ แห่งการเรียนรู้', 2, 'N', 'N', 'N'),
('32453', 'การพนักงานสัมพันธ์และการบริหารค่าตอบแทน', 1, 'N', 'N', 'N'),
('32454', 'การวจิยัทางธุรกิจ การวางแผนและการควบคุมทางการเงิน', 12, 'Y', 'N', 'N'),
('32455', 'ธุรกิจและการเงินระหว่างประเทศ', 1, 'N', 'N', 'N'),
('32456', 'ประสบการณ์วิชาชีพการเงิน', 12, 'Y', 'N', 'N'),
('32457', 'การลงทุนและการวิเคราะห์หลักทรัพย์', 1, 'N', 'N', 'N'),
('32458', 'วาณิชธนกิจและนวัตกรรมทางการเงิน', 2, 'N', 'N', 'N'),
('32466', 'การจัดการธุรกิจการจัดประชุม', 1, 'N', 'N', 'N'),
('32473', 'การจัดการช่องทางการตลาดและห่วงโซ่อุปทาน', 1, 'N', 'N', 'N'),
('32474', 'การสื่อสารและการส่งเสริมการตลาด', 12, 'Y', 'N', 'N'),
('32475', 'การตลาดระหว่างประเทศและการตลาดโลก', 12, 'Y', 'N', 'N'),
('32476', 'การตลาดสถาบันและการตลาดบริการ', 2, 'N', 'N', 'N'),
('32477', 'การจัดการธุรกิจนา เที่ยวและมัคคุเทศก์และการจัดการ  ธุรกิจตัวแทนท่องเที่ยว', 1, 'N', 'N', 'N'),
('32478', 'การจัดการธุรกิจการจัดประชุม นิทรรศการ และการท่องเที่ยวเพื่อเป็นรางวัล', 2, 'N', 'N', 'N'),
('32479', 'การจัดการโรงแรมและกลยุทธ์การจัดการโรงแรม', 1, 'N', 'N', 'N'),
('32480', 'การจัดการห้องพักและการจัดการอาหารและเครื่องดื่ม', 2, 'N', 'N', 'N'),
('32481', 'ประสบการณ์วิชาชีพการจัดการการท่องเที่ยว', 12, 'Y', 'N', 'N'),
('32482', 'ประสบการณ์วิชาชีพการจัดการ', 12, 'Y', 'N', 'N'),
('32483', 'สัมมนาการบัญชีการเงินและสัมมนาการบัญชี เพื่อการจัดการ', 12, 'Y', 'N', 'N'),
('32484', 'ความรู้พื้นฐานของมัคคุเทศก์และการท่องเที่ยวอาเซียน', 1, 'N', 'N', 'N'),
('32485', 'ความรู้เฉพาะอาชีพมัคคุเทศก์ และการบริการ ในอุตสาหกรรมท่องเที่ยว', 2, 'N', 'N', 'N'),
('32486', 'การจัดการธุรกิจโรงแรม และภัตตาคารระหว่างประเทศ  และการโรงแรม', 1, 'N', 'N', 'N'),
('32487', 'การเป็นผู้ประกอบการธุรกิจโรงแรมขนาดย่อม  และการจัดการที่พักทางเลือก', 2, 'N', 'N', 'N'),
('32488', 'นวัตกรรมการบริการในธุรกิจโรงแรมและภัตตาคาร', 1, 'N', 'N', 'N'),
('32489', 'การตลาดร่วมสมัย และการตลาดดิจิทัล', 2, 'N', 'N', 'N'),
('32490', 'การวิเคราะห์ตราสารทางการเงิน และการจัดการสินเชื่อ', 2, 'N', 'N', 'N'),
('32493', 'การจัดการนวัตกรรมและการจัดการเพื่อความยั่งยืน', 2, 'N', 'N', 'N'),
('32494', 'แผนธุรกิจและการวิจัยธุรกิจ', 1, 'N', 'N', 'N'),
('32495', 'ประสบการณ์วิชาชีพการจัดการการท่องเที่ยว', 12, 'Y', 'N', 'N'),
('33201', 'การบริหารราชการไทย', 2, 'N', 'N', 'N'),
('33202', 'การคลังและงบประมาณ', 12, 'Y', 'N', 'N'),
('33203', 'เศรษฐศาสตร์เพื่อการบริหารรัฐกิจ', 1, 'N', 'N', 'N'),
('33204', 'กฎหมายมหาชนสำหรับการบริหารการปกครองท้องที่', 1, 'N', 'N', 'N'),
('33205', 'การสื่อสารและการใช้เทคโนโลยีการสื่อสาร', 1, 'N', 'N', 'N'),
('33206', 'สหกรณ์ วิสาหกิจชุมชน และการจัดการการตลาด', 12, 'Y', 'N', 'N'),
('33207', 'เศรษฐศาสตร์และการคลังสาธารณะ', 2, 'N', 'N', 'N'),
('33208', 'แนวคิดและทฤษฎีทางรัฐประศาสนศาสตร์', 2, 'N', 'N', 'N'),
('33209', 'สัมมนากฎหมายสำหรับนักปกครองท้องที่', 2, 'N', 'N', 'N'),
('33210', 'สัมมนาการบริหารการปกครองท้องที่', 2, 'N', 'N', 'N'),
('33302', 'หลักกฎหมายเกี่ยวกับการบริหารราชการไทย', 2, 'N', 'N', 'N'),
('33303', 'นโยบายสาธารณะและการวางแผน', 12, 'Y', 'N', 'N'),
('33304', 'การวิจัยทางรัฐประศาสนศาสตร์', 12, 'Y', 'N', 'N'),
('33305', 'กฎหมายแพ่ง พาณิชย์ และที่ดินสำหรับ', 2, 'N', 'N', 'N'),
('33306', 'ปัญหาและยุทธศาสตร์การบริหารการปกครองท้องที่', 1, 'N', 'N', 'N'),
('33307', 'กฎหมายเกี่ยวกับการปฏิบัติงานสำหรับนักปกครองท้องที่', 12, 'Y', 'N', 'N'),
('33308', 'นโยบายสาธารณะและการวางแผนการปกครองท้องที่', 12, 'Y', 'N', 'N'),
('33309', 'การจัดการองค์การและพฤติกรรมองค์การ', 1, 'N', 'N', 'N'),
('33311', 'การบริหารโครงการ', 1, 'N', 'N', 'N'),
('33312', 'หลักปรัชญาเศรษฐกิจพอเพียง และการจัดการการเกษตร ทรัพยากรธรรมชาติ สิ่งแวดล้อม', 2, 'N', 'N', 'N'),
('33401', 'ประสบการณ์วิชาชีพบริหารรัฐกิจ', 12, 'Y', 'N', 'N'),
('33402', 'เทคนิคและเครื่องมือการจัดการภาครัฐ', 1, 'N', 'N', 'N'),
('33410', 'การพัฒนาทรัพยากรมนุษย์', 12, 'Y', 'N', 'N'),
('33411', 'การแรงงานสัมพันธ์', 2, 'N', 'N', 'N'),
('33412', 'การวางแผนทรัพยากรมนุษย์', 2, 'N', 'N', 'N'),
('33420', 'การบริหารราชการส่วนภูมิภาค', 2, 'N', 'N', 'N'),
('33421', 'หลักการบริหารท้องถิ่น', 1, 'N', 'N', 'N'),
('33422', 'การบริหารการพัฒนาเมืองและชนบท', 2, 'N', 'N', 'N'),
('33424', 'การบริหารการพัฒนาและการพัฒนาการบริหาร', 2, 'N', 'N', 'N'),
('33432', 'การบริหารสานักงาน', 12, 'Y', 'N', 'N'),
('33434', 'กฎหมายเกี่ยวกับงานราชทัณฑ์', 2, 'N', 'N', 'N'),
('33435', 'อาชญาวิทยาและทัณฑวิทยา', 1, 'N', 'N', 'N'),
('33436', 'การปฏิบัติต่อผู้กระทาความผิด', 2, 'N', 'N', 'N'),
('33437', 'การบริหารงานราชทัณฑ์', 2, 'N', 'N', 'N'),
('33438', 'ระบบสารสนเทศเพื่อการจัดเก็บภาษี', 2, 'N', 'N', 'N'),
('33439', 'กฎหมายเกี่ยวกับภาษีสรรพสามิต', 1, 'N', 'N', 'N'),
('33440', 'การบริหารงานสรรพสามิต', 2, 'N', 'N', 'N'),
('33441', 'การตรวจสอบ และการควบคุมการจัดเก็บภาษี', 2, 'N', 'N', 'N'),
('33442', 'การจัดการเชิงกลยุทธ์ในภาครัฐ นักปกครองท้องที่', 2, 'N', 'N', 'N'),
('33443', 'การบริหารการเปลี่ยนแปลง', 1, 'N', 'N', 'N'),
('33444', 'การบริหารองค์กรภาครัฐ', 2, 'N', 'N', 'N'),
('33445', 'ประสบการณ์วิชาชีพการบริหารการปกครองท้องที่', 12, 'Y', 'N', 'N'),
('33446', 'นโยบาย แผน และโครงการท้องถิ่น และความปลอดภัย', 2, 'N', 'N', 'N'),
('33447', 'การจัดบริการสาธารณะของท้องถิ่น', 1, 'N', 'N', 'N'),
('33448', 'การบริหารการคลังท้องถิ่น', 1, 'N', 'N', 'N'),
('33449', 'การบริหารการบริการสาธารณะและเครือข่าย', 1, 'N', 'N', 'N'),
('33450', 'การบริหารค่าตอบแทนและประโยชน์เกื้อกูล', 1, 'N', 'N', 'N'),
('33451', 'การจัดหาทรัพยากรมนุษย์', 1, 'N', 'N', 'N'),
('33452', 'กฎหมายอาญาสำหรับนักปกครองท้องที่', 1, 'N', 'N', 'N'),
('33453', 'การจัดการองค์การและทรัพยากรมนุษย์สำหรับ', 1, 'N', 'N', 'N'),
('33454', 'นโยบายสาธารณะ ยุทธศาสตร์และการวางแผน  การบริหารการปกครองท้องที่', 1, 'N', 'N', 'N'),
('40101', 'ความรู้เบื้องต้นเกี่ยวกับกฎหมายทั่วไป', 12, 'Y', 'N', 'N'),
('40103', 'กฎหมายเกษตร', 1, 'N', 'N', 'N'),
('40205', 'กฎหมายธุรกิจ', 2, 'N', 'N', 'N'),
('41001', 'กฎหมายเกี่ยวกับผู้นำชุมชน', 1, 'N', 'N', 'N'),
('41002', 'เศรษฐศาสตร์การเมืองและการปกครองสำหรับผู้นำชุมชน', 1, 'N', 'N', 'N'),
('41003', 'การบริหารจัดการชุมชน', 1, 'N', 'N', 'N'),
('41004', 'เสริมประสบการณ์ผู้นาชุมชน', 12, 'Y', 'N', 'N'),
('41005', 'การคุ้มครองสิทธิและเสรีภาพของประชาชน', 2, 'N', 'N', 'N'),
('41006', 'การบริหารองค์กรปกครองส่วนท้องถิ่น', 2, 'N', 'N', 'N'),
('41007', 'การพัฒนาผลิตภัณฑ์ชุมชน', 2, 'N', 'N', 'N'),
('41008', 'การจัดการการเกษตร ทรัพยากรธรรมชาติ และสิ่งแวดล้อม', 2, 'N', 'N', 'N'),
('41201', 'กฎหมายมหาชน', 12, 'Y', 'N', 'N'),
('41211', 'กฎหมายแพ่ง 1: บุคคล นิติกรรม สัญญา  และกฎหมายล้มละลาย', 12, 'Y', 'N', 'N'),
('41212', 'กฎหมายแพ่ง 2: หนี้ ละเมิด', 12, 'Y', 'N', 'N'),
('41213', 'กฎหมายว่าด้วยทรัพย์สิน และสภาพแวดล้อมในการทางาน', 2, 'N', 'N', 'N'),
('41231', 'กฎหมายอาญา 1: ภาคบทบัญญัติทั่วไป', 12, 'Y', 'N', 'N'),
('41232', 'กฎหมายอาญา 2: ภาคความผิด', 12, 'Y', 'N', 'N'),
('41311', 'กฎหมายแพ่ง 3: ครอบครัว มรดก  ความแพ่ง', 1, 'N', 'N', 'N'),
('41321', 'กฎหมายพาณิชย์1: ซื้อขาย เช่าทรัพย์ เช่าซื้อ', 1, 'N', 'N', 'N'),
('41322', 'กฎหมายพาณิชย์2: ยืม ฝากทรัพย์ตัวแทน ประกันภัย', 1, 'N', 'N', 'N'),
('41323', 'กฎหมายพาณิชย์ 3: ประกันด้วยบุคคลและทรัพย์ ตั๋วเงิน', 2, 'N', 'N', 'N'),
('41324', 'กฎหมายพาณิชย์ 4: หุ้นส่วน บริษัท', 2, 'N', 'N', 'N'),
('41341', 'กฎหมายวิธีสบัญญัติ 1: หลักทั่วไปในวิธีพิจารณาความแพ่ง', 12, 'Y', 'N', 'N'),
('41342', 'กฎหมายวิธีสบัญญัติ 2: วิธีพิจารณาความแพ่ง', 12, 'Y', 'N', 'N'),
('41343', 'กฎหมายวิธีสบัญญัติ 3: วิธีพิจารณาความอาญา', 12, 'Y', 'N', 'N'),
('41401', 'ภาษาอังกฤษสำหรับนักกฎหมาย', 2, 'N', 'N', 'N'),
('41402', 'ระบบกฎหมายไทยและต่างประเทศ', 2, 'N', 'N', 'N'),
('41404', 'กฎหมายแรงงาน', 2, 'N', 'N', 'N'),
('41405', 'กฎหมายสิ่งแวดล้อม และกฎหมายล้มละลาย', 2, 'N', 'N', 'N'),
('41421', 'กฎหมายภาษีอากร 1: ภาษีเงินได้', 1, 'N', 'N', 'N'),
('41431', 'การบริหารงานยุติธรรม', 2, 'N', 'N', 'N'),
('41432', 'กฎหมายอาญา 3: ความผิดอาญาตามกฎหมายอื่น', 1, 'N', 'N', 'N'),
('41444', 'ประสบการณ์วิชาชีพกฎหมาย', 12, 'Y', 'N', 'N'),
('41451', 'กฎหมายระหว่างประเทศ', 12, 'Y', 'N', 'N'),
('41452', 'สถาบันระหว่างประเทศ', 1, 'N', 'N', 'N'),
('41454', 'กฎหมายสิทธิมนุษยชน', 1, 'N', 'N', 'N'),
('41455', 'กฎหมายทรัพย์สินทางปัญญา', 2, 'N', 'N', 'N'),
('41456', 'การคุ้มครองผู้บริโภคและกฎหมายเกี่ยวกับการแข่งขัน ทางการค้า', 1, 'N', 'N', 'N'),
('41458', 'อาชญากรรมทางธุรกิจ', 2, 'N', 'N', 'N'),
('50101', 'วิทยาศาสตร์พื้นฐาน', 12, 'Y', 'N', 'N'),
('50103', 'สถิติและการวิจัยสำหรับวิทยาศาสตร์สุขภาพ', 2, 'N', 'N', 'N'),
('52203', 'อนามัยสิ่งแวดล้อม', 2, 'N', 'N', 'N'),
('52204', 'กฎหมายเกี่ยวกับสาธารณสุข สิ่งแวดล้อม และนิติเวชศาสตร์', 12, 'Y', 'N', 'N'),
('52205', 'การสาธารณสุขและกฎหมายที่เกี่ยวข้อง', 1, 'N', 'N', 'N'),
('52302', 'วิทยาการระบาดและการควบคุมโรค', 1, 'N', 'N', 'N'),
('52303', 'สุขศึกษาและการประชาสัมพันธ์งานสาธารณสุข', 1, 'N', 'N', 'N'),
('52304', 'โภชนศาสตร์สาธารณสุข', 2, 'N', 'N', 'N'),
('52305', 'อาชีวอนามัยและความปลอดภัย', 2, 'N', 'N', 'N'),
('52306', 'การทา งานชุมชนด้านสาธารณสุข', 1, 'N', 'N', 'N'),
('52308', 'พัฒนาการของมนุษย์และสุขภาพ', 2, 'N', 'N', 'N'),
('52309', 'การส่งเสริมสุขภาพและการป้องกันโรค', 1, 'N', 'N', 'N'),
('52310', 'การฝึกปฏิบัติงานสาธารณสุขในชุมชน', 2, 'N', 'N', 'N'),
('52311', 'การปฐมพยาบาลและการบำบัดโรคเบื้องต้น', 1, 'N', 'N', 'N'),
('52312', 'อนามัยครอบครัวกับงานสาธารณสุข', 2, 'N', 'N', 'N'),
('52313', 'สุขศึกษาและการส่งเสริมสุขภาพ', 1, 'N', 'N', 'N'),
('52314', 'โรคติดต่อและโรคไม่ติดต่อ', 1, 'N', 'N', 'N'),
('52402', 'ประสบการณ์วิชาชีพสาธารณสุข', 12, 'Y', 'N', 'N'),
('52404', 'การตรวจประเมิน การบา บัดโรคเบื้องต้น การฟื้นฟู', 1, 'N', 'N', 'N'),
('52405', 'การฝึกงานวิชาชีพสาธารณสุขในชุมชน', 12, 'Y', 'N', 'N'),
('52406', 'การบริหารงานสาธารณสุขและระบบสารสนเทศ  ด้านสุขภาพ', 1, 'N', 'N', 'N'),
('52407', 'การวางแผนและประเมินผลงานสาธารณสุข', 12, 'Y', 'N', 'N'),
('53202', 'การสาธารณสุขทั่วไป', 12, 'Y', 'N', 'N'),
('53203', 'สุขภาพกับการพัฒนา', 1, 'N', 'N', 'N'),
('53303', 'การจัดการสาธารณภัย', 2, 'N', 'N', 'N'),
('53304', 'การบริหารองค์การและทรัพยากรสาธารณสุข  และการบา บัดโรคเบื้องต้น', 1, 'N', 'N', 'N'),
('53305', 'การบริหารทรัพยากรมนุษย์ในงานสาธารณสุข', 2, 'N', 'N', 'N'),
('53404', 'การบริหารระบบข้อมูลข่าวสารสาธารณสุข', 2, 'N', 'N', 'N'),
('53405', 'หลักเศรษฐศาสตร์และเศรษฐศาสตร์สาธารณสุข  สภาพและการส่งต่อ', 1, 'N', 'N', 'N'),
('53406', 'ประสบการณ์วิชาชีพบริหารสาธารณสุข', 12, 'Y', 'N', 'N'),
('53407', 'การบริหารงานสาธารณสุข', 1, 'N', 'N', 'N'),
('54101', 'วิศวกรรมพื้นฐานสำหรับงานอาชีวอนามัย และความปลอดภัย', 1, 'N', 'N', 'N'),
('54102', 'การบริหารงานอาชีวอนามัยและความปลอดภัย', 1, 'N', 'N', 'N'),
('54106', 'พิษวิทยาและอาชีวเวชศาสตร์', 2, 'N', 'N', 'N'),
('54109', 'การยศาสตร์', 1, 'N', 'N', 'N'),
('54111', 'ประสบการณ์วิชาชีพอาชีวอนามัยและความปลอดภัย', 12, 'Y', 'N', 'N'),
('54112', 'ระบบสุขภาพและวิทยาการระบาดด้านอาชีวอนามัย และความปลอดภัย', 2, 'N', 'N', 'N'),
('54113', 'สุขศาสตร์อุตสาหกรรม: การประเมิน', 12, 'Y', 'N', 'N'),
('54115', 'กฎหมายและมาตรฐานด้านอาชีวอนามัย และความปลอดภัย', 1, 'N', 'N', 'N'),
('54116', 'เทคโนโลยีความปลอดภัย', 12, 'Y', 'N', 'N'),
('54117', 'คณิตศาสตร์พื้นฐาน', 2, 'N', 'N', 'N'),
('54118', 'ปฏิบัติการวิทยาศาสตร์', 1, 'N', 'N', 'N'),
('54119', 'สถิติและการวิจัยสำหรับงานอาชีวอนามัยและความปลอดภัย', 2, 'N', 'N', 'N'),
('54122', 'กฎหมายที่เกี่ยวข้องกับการสาธารณสุข', 1, 'N', 'N', 'N'),
('54123', 'วิทยาศาสตร์ชีวภาพสำหรับงานอาชีวอนามัย', 2, 'N', 'N', 'N'),
('54124', 'ระบบสุขภาพและวิทยาการระบาด', 2, 'N', 'N', 'N'),
('54125', 'การตรวจวัดและประเมินทางสุขศาสตร์อุตสาหกรรม', 2, 'N', 'N', 'N'),
('54126', 'การส่งเสริมสุขภาพ การตรวจประเมิน', 1, 'N', 'N', 'N'),
('54127', 'พื้นฐานอาชีวอนามัยและอนามัยสิ่งแวดล้อม', 1, 'N', 'N', 'N'),
('54128', 'เทคโนโลยีการควบคุมทางสุขศาสตร์อุตสาหกรรม', 12, 'Y', 'N', 'N'),
('54129', 'พื้นฐานวิศวกรรมในงานอาชีวอนามัยและความปลอดภัย', 12, 'Y', 'N', 'N'),
('54130', 'เทคโนโลยีการจัดการอาชีวอนามัยและความปลอดภัย', 12, 'Y', 'N', 'N'),
('54131', 'กฎหมายและมาตรฐานด้านอาชีวอนามัย ความปลอดภัยและสภาพแวดล้อมในการทา งาน', 1, 'N', 'N', 'N'),
('54132', 'เทคโนโลยีวิศวกรรมความปลอดภัย', 1, 'N', 'N', 'N'),
('54133', 'พิษวิทยาและเวชศาสตร์ป้องกัน', 2, 'N', 'N', 'N'),
('54134', 'การยศาสตร์และจิตวิทยาอุตสาหกรรม', 2, 'N', 'N', 'N'),
('54135', 'ประสบการณ์วิชาชีพอาชีวอนามัยความปลอดภัย และสภาพแวดล้อมในการทา งาน', 12, 'Y', 'N', 'N'),
('55203', 'จุลชีววิทยา ปรสิตวิทยาและพยาธิสรีรวิทยาสำหรับ การแพทย์แผนไทย', 1, 'N', 'N', 'N'),
('55301', 'การวิจัยสำหรับการแพทย์แผนไทย', 2, 'N', 'N', 'N'),
('55302', 'วิทยาศาสตร์ในการแพทย์แผนไทย', 1, 'N', 'N', 'N'),
('55303', 'สังคมวิทยาและมานุษยวิทยาการแพทย์', 1, 'N', 'N', 'N'),
('55304', 'แนวคิดและทฤษฎีการแพทย์แผนไทย', 1, 'N', 'N', 'N'),
('55305', 'ธรรมานามัย', 2, 'N', 'N', 'N'),
('55306', 'เภสัชพฤกษศาสตร์', 2, 'N', 'N', 'N'),
('55307', 'การฝึกปฏิบัติเภสัชพฤกษศาสตร์และเภสัชกรรมแผนไทย', 2, 'N', 'N', 'N'),
('55308', 'เวชกรรมแผนไทย', 2, 'N', 'N', 'N'),
('55309', 'จรรยาวิชาชีพและกฎหมายเกี่ยวกับการแพทย์แผนไทย', 1, 'N', 'N', 'N'),
('55310', 'นวดแผนไทย 1', 1, 'N', 'N', 'N'),
('55311', 'การฝึกปฏิบัติเวชกรรมและนวดแผนไทย', 1, 'N', 'N', 'N'),
('55312', 'ประสบการณ์วิชาชีพการแพทย์แผนไทย', 12, 'Y', 'N', 'N'),
('55313', 'ผดุงครรภ์แผนไทย', 1, 'N', 'N', 'N'),
('55314', 'เภสัชกรรมแผนไทย 1', 1, 'N', 'N', 'N'),
('55315', 'นวดแผนไทย 2', 2, 'N', 'N', 'N'),
('55316', 'การฝึกปฏิบัตินวดแผนไทย', 2, 'N', 'N', 'N'),
('55317', 'เวชกรรมแผนไทย 1', 1, 'N', 'N', 'N'),
('55318', 'เวชกรรมแผนไทย 2', 2, 'N', 'N', 'N'),
('55319', 'การฝึกปฏิบัติเวชกรรมแผนไทย', 1, 'N', 'N', 'N'),
('55320', 'ร่างกายมนุษย์', 1, 'N', 'N', 'N'),
('55321', 'เภสัชกรรมแผนไทย 2', 2, 'N', 'N', 'N'),
('55322', 'ร่างกายมนุษย์', 1, 'N', 'N', 'N'),
('55323', 'เภสัชพฤกษศาสตร์', 2, 'N', 'N', 'N'),
('55324', 'การฝึกปฏิบัติเภสัชพฤกษศาสตร์และเภสัชกรรมแผนไทย', 2, 'N', 'N', 'N'),
('55325', 'นวดแผนไทย 1', 1, 'N', 'N', 'N'),
('55326', 'ประสบการณ์วิชาชีพการแพทย์แผนไทย', 12, 'Y', 'N', 'N'),
('55327', 'ผดุงครรภ์แผนไทย', 1, 'N', 'N', 'N'),
('55328', 'เภสัชกรรมแผนไทย 1', 1, 'N', 'N', 'N'),
('55329', 'นวดแผนไทย 2', 2, 'N', 'N', 'N'),
('55330', 'การฝึกปฏิบัตินวดแผนไทย', 2, 'N', 'N', 'N'),
('55331', 'เวชกรรมแผนไทย 1', 1, 'N', 'N', 'N'),
('55332', 'เวชกรรมแผนไทย 2', 2, 'N', 'N', 'N'),
('55333', 'การฝึกปฏิบัติเวชกรรมแผนไทย', 1, 'N', 'N', 'N'),
('55334', 'เภสัชกรรมแผนไทย 2', 2, 'N', 'N', 'N'),
('57203', 'ทางเลือกสำหรับผู้บริโภคทางสาธารณสุข', 1, 'N', 'N', 'N'),
('57301', 'การบริหารงานคุ้มครองผู้บริโภคทางสาธารณสุข', 1, 'N', 'N', 'N'),
('60120', 'หลักเศรษฐศาสตร์เบื้องต้น', 1, 'N', 'N', 'N'),
('60227', 'ประวัติศาสตร์เศรษฐกิจและแนวคิดทางเศรษฐศาสตร์', 1, 'N', 'N', 'N'),
('60228', 'คณิตเศรษฐศาสตร์และสถิติเศรษฐศาสตร์', 1, 'N', 'N', 'N'),
('60323', 'เศรษฐศาสตร์วิเคราะห์', 1, 'N', 'N', 'N'),
('60340', 'เศรษฐศาสตร์ระหว่างประเทศ', 2, 'N', 'N', 'N'),
('60341', 'ไทยในเศรษฐกิจโลก', 2, 'N', 'N', 'N'),
('60370', 'เศรษฐศาสตร์เกษตร ทรัพยากรธรรมชาติและสิ่งแวดล้อม', 1, 'N', 'N', 'N'),
('60410', 'เศรษฐมิติและการประยุกต์', 2, 'N', 'N', 'N'),
('60424', 'เศรษฐศาสตร์การเงินและการคลัง', 2, 'N', 'N', 'N'),
('60434', 'วิธีการวิจัยและเทคโนโลยีสารสนเทศสำหรับการศึกษา', 12, 'Y', 'N', 'N'),
('60436', 'สถาบันการเงินและการลงทุน เศรษฐศาสตร์', 2, 'N', 'N', 'N'),
('60450', 'เศรษฐศาสตร์สาธารณะ', 1, 'N', 'N', 'N'),
('60474', 'เศรษฐศาสตร์อุตสาหกรรมเทคโนโลยีและความจำเริญ ทางเศรษฐกิจ', 2, 'N', 'N', 'N'),
('60482', 'เศรษฐศาสตร์ธุรกิจและการเงินธุรกิจ', 1, 'N', 'N', 'N'),
('60499', 'ประสบการณ์วิชาชีพเศรษฐศาสตร์', 2, 'N', 'N', 'N'),
('61401', 'การวิเคราะห์โครงการและแผนงาน', 1, 'N', 'N', 'N'),
('61405', 'เศรษฐศาสตร์ทรัพยากรมนุษย์และจริยธรรมทาง เศรษฐกิจและธุรกิจ', 1, 'N', 'N', 'N'),
('61407', 'เศรษฐศาสตร์การผลิตและการจัดการการตลาด', 2, 'N', 'N', 'N'),
('61408', 'เศรษฐศาสตร์การจัดการขนส่งและโลจิสติกส์', 1, 'N', 'N', 'N'),
('70201', 'คหกรรมศาสตร์กับการพัฒนาชุมชน', 1, 'N', 'N', 'N'),
('70203', 'หลักกฎหมายและเศรษฐศาสตร์เบื้องต้น', 1, 'N', 'N', 'N'),
('70311', 'ชีวเคมีพื้นฐาน', 2, 'N', 'N', 'N'),
('70314', 'การผลิตและการใช้อาหาร', 2, 'N', 'N', 'N'),
('70321', 'ครอบครัวและสิ่งแวดล้อม', 12, 'Y', 'N', 'N'),
('70323', 'สุขภาพเด็ก', 2, 'N', 'N', 'N'),
('70324', 'อนามัยครอบครัว', 2, 'N', 'N', 'N'),
('70411', 'อนามัยชุมชน', 2, 'N', 'N', 'N'),
('70421', 'กิจกรรมและประสบการณ์เยาวชน', 2, 'N', 'N', 'N'),
('70422', 'ปัญหาเด็กและเยาวชนกับการส่งเสริมอาชีพ', 2, 'N', 'N', 'N'),
('70431', 'ประสบการณ์วิชาชีพคหกรรมศาสตร์', 2, 'N', 'N', 'N'),
('70433', 'การพัฒนาที่อยู่อาศัย', 12, 'Y', 'N', 'N'),
('70434', 'การบริหารธุรกิจคหกรรมศาสตร์', 1, 'N', 'N', 'N'),
('71101', 'วิทยาศาสตร์พื้นฐานสำหรับงานอาหารและโภชนาการ', 2, 'N', 'N', 'N'),
('71200', 'มนุษย์กับระบบนิเวศ', 1, 'N', 'N', 'N'),
('71201', 'วิทยาศาสตร์ทั่วไป', 12, 'Y', 'N', 'N'),
('71202', 'โภชนาการมนุษย์', 1, 'N', 'N', 'N'),
('71203', 'วิทยาศาสตร์และเทคโนโลยีการอาหารเบื้องต้น', 1, 'N', 'N', 'N'),
('71204', 'โภชนศึกษาและการสื่อสาร', 2, 'N', 'N', 'N'),
('71205', 'เคมีและจุลชีววิทยาทางอาหาร', 2, 'N', 'N', 'N'),
('71206', 'พฤติกรรมผู้บริโภคและการคุ้มครองด้านอาหาร และโภชนาการ', 2, 'N', 'N', 'N'),
('71207', 'หลักการและการประยุกต์วิธีประเมินทางโภชนาการ', 2, 'N', 'N', 'N'),
('71304', 'ชีวเคมีและจุลชีววิทยาของอาหาร', 2, 'N', 'N', 'N'),
('71305', 'การคุ้มครองและพฤติกรรมผู้บริโภคด้านอาหาร และโภชนาการ', 2, 'N', 'N', 'N'),
('71307', 'หลักการจัดการอาหารและธุรกิจอาหาร', 2, 'N', 'N', 'N'),
('71308', 'เทคโนโลยีการถนอมและแปรรูปอาหาร', 1, 'N', 'N', 'N'),
('71309', 'สถิติและการวิจัยทางอาหารและโภชนาการ', 1, 'N', 'N', 'N'),
('71310', 'การจัดการสุขลักษณะและความปลอดภัยในอาหาร', 1, 'N', 'N', 'N'),
('71311', 'เทคโนโลยีการผลิตและแปรรูปอาหาร', 1, 'N', 'N', 'N'),
('71313', 'การจัดการสุขลักษณะและความปลอดภัยอาหาร', 1, 'N', 'N', 'N'),
('71314', 'การพัฒนาผลิตภัณฑ์อาหาร', 2, 'N', 'N', 'N'),
('71316', 'สรีรวิทยาและชีวเคมีทางโภชนาการ', 2, 'N', 'N', 'N'),
('71317', 'โภชนาการกับการออกกา ลังกายเพื่อสุขภาพ และการควบคุมน้ าหนัก', 1, 'N', 'N', 'N'),
('71411', 'อาหารและโภชนบาบัด', 2, 'N', 'N', 'N'),
('71413', 'กระบวนการผลิตและพัฒนาผลิตภัณฑ์อาหาร', 2, 'N', 'N', 'N'),
('71414', 'การควบคุมคุณภาพและการประกันคุณภาพอาหาร', 2, 'N', 'N', 'N'),
('71415', 'การจัดบริการอาหารในสถาบัน', 2, 'N', 'N', 'N'),
('71416', 'ประสบการณ์วิชาชีพอาหาร โภชนาการและการประยุกต์', 2, 'N', 'N', 'N'),
('71417', 'หลักการจัดการธุรกิจอาหารและร้านอาหาร', 12, 'Y', 'N', 'N'),
('72101', 'จิตวิทยาเพื่อการดารงชีวิต', 2, 'N', 'N', 'N'),
('72201', 'ครอบครัวศึกษา', 12, 'Y', 'N', 'N'),
('72202', 'พัฒนาการวัยเด็ก', 1, 'N', 'N', 'N'),
('72203', 'การจัดการทรัพยากรครอบครัวและชุมชนเพื่อคุณภาพชีวิต', 2, 'N', 'N', 'N'),
('72204', 'เศรษฐกิจครอบครัว', 2, 'N', 'N', 'N'),
('72205', 'สถิติและการวิจัยด้านพัฒนาการมนุษย์และครอบครัว', 2, 'N', 'N', 'N'),
('72301', 'พัฒนาการวัยรนุ่', 12, 'Y', 'N', 'N'),
('72302', 'นโยบาย และกฎหมายเกี่ยวกับครอบครัว', 12, 'Y', 'N', 'N'),
('72303', 'พัฒนาการวัยผู้ใหญ่และผู้สูงอายุ', 12, 'Y', 'N', 'N'),
('72304', 'สวัสดิการสังคมและการจัดการบริการสำหรับครอบครัว', 2, 'N', 'N', 'N'),
('72305', 'การศึกษาชีวิตครอบครัวและชุมชน', 2, 'N', 'N', 'N'),
('72401', 'ระบบครอบครัวไทยและความหลากหลายในสังคมโลก', 1, 'N', 'N', 'N'),
('72402', 'ประสบการณ์วิชาชีพพัฒนาการมนุษย์และครอบครัว', 2, 'N', 'N', 'N'),
('80101', 'ประวัติศาสตร์สังคมและการเมืองไทย', 1, 'N', 'N', 'N'),
('80102', 'หลักพื้นฐานทางรัฐศาสตร์', 1, 'N', 'N', 'N'),
('80111', 'หลักพื้นฐานการเมืองการปกครองไทย', 2, 'N', 'N', 'N'),
('80202', 'สถาบันและกระบวนการทางการเมืองไทย', 2, 'N', 'N', 'N'),
('80203', 'ปัญหาพัฒนาการทางการเมืองไทย', 1, 'N', 'N', 'N'),
('80204', 'เศรษฐกิจกับการเมืองไทย', 2, 'N', 'N', 'N'),
('80205', 'พื้นฐานทางสังคมและวัฒนธรรมของการเมืองไทย', 2, 'N', 'N', 'N'),
('80206', 'ปัญหาการพัฒนาชนบทไทย', 2, 'N', 'N', 'N'),
('80207', 'ปัญหาการเมืองในภูมิภาคและชนกลุ่มน้อยในประเทศไทย', 12, 'Y', 'N', 'N'),
('80212', 'หลักพื้นฐานทางรัฐประศาสนศาสตร์และนโยบายสาธารณะ', 2, 'N', 'N', 'N'),
('80309', 'ปัญหาการเมืองไทยปัจจุบัน  ทรัพยากรป่าไม้และสิ่งแวดล้อม', 1, 'N', 'N', 'N'),
('80410', 'ประสบการณ์วิชาชีพรัฐศาสตร์', 2, 'N', 'N', 'N'),
('81310', 'ปรัชญาการเมือง', 12, 'Y', 'N', 'N'),
('81311', 'หลักและวิธีการศึกษาทางรัฐศาสตร์', 1, 'N', 'N', 'N'),
('81312', 'หลักและวิธีการศึกษาทางรัฐประศาสนศาสตร์', 2, 'N', 'N', 'N'),
('81314', 'หลักเบื้องต้นของการวิจัยทางรัฐศาสตร์', 12, 'Y', 'N', 'N'),
('81415', 'การวางนโยบาย โครงการ และการบริหารโครงการ', 2, 'N', 'N', 'N'),
('81416', 'การบริหารงานบุคคลภาครัฐ', 2, 'N', 'N', 'N'),
('81417', 'การบริหารและการพัฒนาองค์การ', 2, 'N', 'N', 'N'),
('81427', 'กฎหมายอาญา สำหรับรัฐศาสตร์', 2, 'N', 'N', 'N'),
('81428', 'กฎหมายวิธีพิจารณาความอาญาและพยานหลักฐาน สำหรับรัฐศาสตร์', 12, 'Y', 'N', 'N'),
('82201', 'หลักพื้นฐานความสัมพันธ์ระหว่างประเทศ', 1, 'N', 'N', 'N'),
('82202', 'การเมืองเปรียบเทียบ', 2, 'N', 'N', 'N'),
('82227', 'ความคิดทางการเมืองและสังคม', 1, 'N', 'N', 'N'),
('82319', 'ระบบการเมืองเปรียบเทียบ และพัฒนาการเกษตร', 2, 'N', 'N', 'N'),
('82321', 'การเมืองการปกครองของประเทศในเอเชีย', 2, 'N', 'N', 'N'),
('82322', 'สังคมโลก', 1, 'N', 'N', 'N'),
('82324', 'เศรษฐกิจและการเมืองระหว่างประเทศ', 2, 'N', 'N', 'N'),
('82325', 'ความขัดแย้งและความร่วมมือระหว่างประเทศ', 1, 'N', 'N', 'N'),
('82326', 'กฎหมายระหว่างประเทศและองค์การระหว่างประเทศ', 2, 'N', 'N', 'N'),
('82327', 'อาเซียนเบื้องต้น', 2, 'N', 'N', 'N'),
('82328', 'นโยบายสาธารณะในบริบทโลก', 1, 'N', 'N', 'N'),
('82422', 'มหาอำนาจกับการเมืองโลก', 1, 'N', 'N', 'N'),
('82425', 'ลัทธิการเมืองและยุทธศาสตร์ในการพัฒนา', 2, 'N', 'N', 'N'),
('82426', 'การเมืองการปกครองในยุโรปและอเมริกา', 2, 'N', 'N', 'N'),
('82427', 'การพัฒนามนุษย์ในบริบทโลก', 2, 'N', 'N', 'N'),
('82429', 'การระหว่างประเทศของไทย', 2, 'N', 'N', 'N'),
('83201', 'การเมืองการปกครองท้องถิ่น', 1, 'N', 'N', 'N'),
('83202', 'ความรู้ทั่วไปทางกฎหมายสำหรับรัฐศาสตร์', 2, 'N', 'N', 'N'),
('83203', 'ประชาธิปไตยและกระบวนการพัฒนาประชาธิปไตย', 2, 'N', 'N', 'N'),
('90201', 'การจัดการฟาร์ม', 2, 'N', 'N', 'N'),
('90202', 'การบริหารงานส่งเสริมการเกษตรและสหกรณ์', 2, 'N', 'N', 'N'),
('90204', 'พื้นฐานการจัดการทรัพยากรเกษตรและสิ่งแวดล้อม', 2, 'N', 'N', 'N'),
('90206', 'เทคโนโลยีเพื่อการจัดการทรัพยากรเกษตร ทรัพยากรธรรมชาติและสิ่งแวดล้อม', 2, 'N', 'N', 'N'),
('90208', 'คณิตศาสตร์และวิทยาศาสตร์พื้นฐานเพื่อการเกษตร', 2, 'N', 'N', 'N'),
('90305', 'การผลิตสัตว์', 1, 'N', 'N', 'N'),
('90307', 'การผลิตพืช', 1, 'N', 'N', 'N'),
('90406', 'ดิน น้ำ และปุ๋ย', 1, 'N', 'N', 'N'),
('91109', 'หลักการส่งเสริมและพัฒนาการเกษตร', 1, 'N', 'N', 'N'),
('91110', 'สารสนเทศและสื่อเพื่อการส่งเสริมและพัฒนาการเกษตร', 2, 'N', 'N', 'N'),
('91201', 'ผู้นำมนุษยสัมพันธ์ และจิตวิทยาในการส่งเสริม', 2, 'N', 'N', 'N'),
('91209', 'การประชาสัมพันธ์ในงานส่งเสริมการเกษตร', 1, 'N', 'N', 'N'),
('91307', 'การพัฒนาชุมชนเกษตร', 2, 'N', 'N', 'N'),
('91310', 'หลักการบริหารการส่งเสริมการเกษตร', 1, 'N', 'N', 'N'),
('91311', 'การจัดการความรู้เพื่องานส่งเสริมการเกษตร', 2, 'N', 'N', 'N'),
('91312', 'การจัดการระบบการเกษตรเชิงบูรณาการ', 2, 'N', 'N', 'N'),
('91324', 'หลักการส่งเสริมการป่าไม้เพื่อสิ่งแวดล้อม', 12, 'Y', 'N', 'N'),
('91325', 'นิเวศวิทยาและการจัดการทรัพยากรธรรมชาติ', 2, 'N', 'N', 'N'),
('91326', 'วนศาสตร์เกษตร', 12, 'Y', 'N', 'N'),
('91350', 'การเป็นผู้นำมนุษยสัมพันธ์ และจิตวิทยาสำหรับเกษตรกร', 12, 'Y', 'N', 'N'),
('91351', 'หลักการบริหารการส่งเสริมและพัฒนาการเกษตร', 12, 'Y', 'N', 'N'),
('91352', 'การจัดการความรู้ภูมิปัญญา และนวัตกรรมเกษตร', 12, 'Y', 'N', 'N'),
('91353', 'การส่งเสริมและพัฒนาการเกษตรเพื่อการพัฒนาที่ยั่งยืน', 2, 'N', 'N', 'N'),
('91357', 'พื้นฐานความรู้สิ่งแวดล้อม', 2, 'N', 'N', 'N'),
('91363', 'การจัดการทรัพยากรป่าไม้', 2, 'N', 'N', 'N'),
('91413', 'การพัฒนากลุ่ม สถาบัน และองค์กรการเกษตร', 1, 'N', 'N', 'N'),
('91414', 'การวิจัยการส่งเสริมการเกษตร', 2, 'N', 'N', 'N'),
('91418', 'ประสบการณ์วิชาชีพส่งเสริมการเกษตร', 2, 'N', 'N', 'N'),
('91419', 'การบริหารจัดการทุนเพื่อการส่งเสริมและพัฒนาการเกษตร และการควบคุมภายใน', 2, 'N', 'N', 'N'),
('91420', 'การวิจัยการส่งเสริมและพัฒนาการเกษตร', 1, 'N', 'N', 'N'),
('91421', 'ประสบการณ์วิชาชีพส่งเสริมและพัฒนาการเกษตร', 2, 'N', 'N', 'N'),
('91427', 'การป่าไม้ชุมชน', 1, 'N', 'N', 'N'),
('91428', 'กฎหมายเกี่ยวกับทรัพยากรป่าไม้และสิ่งแวดล้อม', 1, 'N', 'N', 'N'),
('91458', 'การจัดการสิ่งแวดล้อมป่าไม้', 2, 'N', 'N', 'N'),
('91463', 'ระบบสารสนเทศและการวิจัยเพื่อการจัดการ', 1, 'N', 'N', 'N'),
('91464', 'พืชสวนประดับในการจัดภูมิทัศน์', 2, 'N', 'N', 'N'),
('91465', 'การจัดการการท่องเที่ยวเชิงเกษตร', 12, 'Y', 'N', 'N'),
('91466', 'การผลิตสัตว์เชิงนันทนาการและเศรษฐกิจ', 1, 'N', 'N', 'N'),
('91467', 'ประสบการณ์วิชาชีพการจัดการทรัพยากรป่าไม้ และสิ่งแวดล้อม', 2, 'N', 'N', 'N'),
('92116', 'ความรู้ทั่วไปเกี่ยวกับการสหกรณ์', 12, 'Y', 'N', 'N'),
('92117', 'สหกรณ์กับการพัฒนาเศรษฐกิจและสังคม', 2, 'N', 'N', 'N'),
('92217', 'ธนกิจและบัญชีสหกรณ์เพื่อการจัดการ', 1, 'N', 'N', 'N'),
('92220', 'กฎหมายและกระบวนการทางการเมืองของสหกรณ์', 1, 'N', 'N', 'N'),
('92221', 'เศรษฐศาสตร์เพื่อการบริหารธุรกิจสหกรณ์', 1, 'N', 'N', 'N'),
('92222', 'การบัญชี การเงินและการภาษีอากรสำหรับสหกรณ์', 2, 'N', 'N', 'N'),
('92223', 'การจัดการการเงิน และการภาษีอากรสำหรับสหกรณ์', 2, 'N', 'N', 'N'),
('92311', 'การจัดการสหกรณ์เชิงกลยุทธ์', 12, 'Y', 'N', 'N'),
('92320', 'การจัดการและการดาเนินงานสหกรณ์', 2, 'N', 'N', 'N'),
('92322', 'ระบบสารสนเทศเพื่อการจัดการสหกรณ์', 1, 'N', 'N', 'N'),
('92411', 'สารสนเทศและวิธีการวิจัยทางสหกรณ์', 12, 'Y', 'N', 'N'),
('92423', 'วิธีการวิจัยทางสหกรณ์', 2, 'N', 'N', 'N'),
('92424', 'การบริหารธุรกิจเฉพาะสหกรณ์', 2, 'N', 'N', 'N'),
('92425', 'ประสบการณ์วิชาชีพบริหารธุรกิจสหกรณ์', 2, 'N', 'N', 'N'),
('93256', 'การฝึกปฏิบัติเสริมทักษะการผลิตพืช', 12, 'Y', 'N', 'N'),
('93257', 'ศัตรูพืชเบื้องต้น', 2, 'N', 'N', 'N'),
('93335', 'วิทยาศาสตร์เพื่อการผลิตพืช', 1, 'N', 'N', 'N'),
('93337', 'การปรับปรุงพันธุ์พืชและการขยายพันธุ์พืช และเทคนิคการผลิต', 12, 'Y', 'N', 'N'),
('93345', 'การปรับปรุงพันธุ์และการสืบพันธุ์สัตว์', 2, 'N', 'N', 'N'),
('93352', 'หลักการจัดการการผลิตพืช', 12, 'y', 'N', 'N'),
('93353', 'การจัดการผลผลิตพืช', 12, 'Y', 'N', 'N'),
('93354', 'อาหารและการให้อาหารสัตว์', 12, 'Y', 'N', 'N'),
('93355', 'การจัดการสุขภาพสัตว์', 2, 'N', 'N', 'N'),
('93442', 'ประสบการณ์วิชาชีพการจัดการการผลิตพืช', 2, 'N', 'N', 'N'),
('93446', 'การจัดการการผลิตสุกรและสัตว์ปีก', 1, 'N', 'N', 'N'),
('93447', 'การจัดการการผลิตสัตว์เคี้ยวเอื้อง', 2, 'N', 'N', 'N'),
('93448', 'ประสบการณ์วิชาชีพการจัดการการผลิตสัตว์', 2, 'N', 'N', 'N'),
('93454', 'สารสนเทศเพื่อการจัดการการผลิตพืช', 1, 'N', 'N', 'N'),
('93455', 'การฝึกปฏิบัติการจัดการการผลิตพืช', 12, 'Y', 'N', 'N'),
('93456', 'การจัดการการผลิตธัญพืชและพืชอาหารสัตว์', 2, 'N', 'N', 'N'),
('93457', 'การจัดการการผลิตพืชไร่อุตสาหกรรม', 1, 'N', 'N', 'N'),
('93458', 'การจดัการการผลิตไม้ดอกไม้ประดับเชิงธุรกิจ', 1, 'N', 'N', 'N'),
('93459', 'การจัดการการผลิตไม้ผลและผักเชิงธุรกิจ', 2, 'N', 'N', 'N'),
('93460', 'การฝึกปฏิบัติการจัดการการผลิตสัตว์', 1, 'N', 'N', 'N'),
('93461', 'การจัดการผลผลิตและการตลาดสินค้าปศุสัตว์', 1, 'N', 'N', 'N'),
('93462', 'การจัดการการผลิตสุกรและสัตว์ปีก', 1, 'N', 'N', 'N'),
('93463', 'การจัดการการผลิตสัตว์เคี้ยวเอื้อง', 2, 'N', 'N', 'N'),
('93465', 'การจัดการเพาะเลี้ยงสัตว์น้า', 2, 'N', 'N', 'N'),
('93466', 'เทคโนโลยีในการจัดการการผลิตสัตว์', 2, 'N', 'N', 'N'),
('93467', 'การจัดการการผลิตไม้ผลเชิงธุรกิจ', 2, 'N', 'N', 'N'),
('93468', 'การจัดการการผลิตผักเชิงธุรกิจ', 2, 'N', 'N', 'N'),
('93469', 'การวิจัยทางการจัดการการผลิตสัตว์', 1, 'N', 'N', 'N'),
('94329', 'ความรู้ทั่วไปเกี่ยวกับธุรกิจการเกษตร', 1, 'N', 'N', 'N'),
('94330', 'การจัดการผลิตผลและการแปรรูปผลิตผลเกษตร', 2, 'N', 'N', 'N'),
('94360', 'การจัดการการปฏิบัติการและทรัพยากรมนุษย์ ในธุรกิจการเกษตร', 2, 'N', 'N', 'N'),
('94431', 'การจัดการการตลาดสินค้าเกษตร', 1, 'N', 'N', 'N'),
('94432', 'สารสนเทศและการวิจัยทางธุรกิจการเกษตร', 1, 'N', 'N', 'N'),
('94433', 'ประสบการณ์วิชาชีพธุรกิจการเกษตร', 12, 'Y', 'N', 'N'),
('94461', 'การเงินธุรกิจการเกษตร', 12, 'Y', 'N', 'N'),
('94462', 'ธุรกิจการเกษตรระหว่างประเทศ', 2, 'N', 'N', 'N'),
('94463', 'การบัญชีและการเงินในธุรกิจการเกษตร', 2, 'N', 'N', 'N'),
('94464', 'การจัดการโลจิสติกส์และโซ่อุปทานในธุรกิจการเกษตร', 12, 'Y', 'N', 'N'),
('94465', 'การพัฒนาธุรกิจการเกษตรและสหกรณ์', 1, 'N', 'N', 'N'),
('96101', 'คอมพิวเตอร์เบื้องต้น', 2, 'N', 'N', 'N'),
('96102', 'คณิตศาสตร์และสถิติสำหรับวิทยาศาสตร์และเทคโนโลยี', 12, 'Y', 'N', 'N'),
('96304', 'การสื่อสารข้อมูลและระบบเครือข่ายคอมพิวเตอร์', 1, 'N', 'N', 'N'),
('96305', 'เทคโนโลยีสารสนเทศกับงานธุรกิจด้านพาณิชยกรรม', 2, 'N', 'N', 'N'),
('96404', 'การตรวจสอบระบบงานคอมพิวเตอร์', 2, 'N', 'N', 'N'),
('96407', 'การพัฒนาระบบสารสนเทศ', 2, 'N', 'N', 'N'),
('96408', 'การจัดการระบบฐานข้อมูล', 12, 'Y', 'N', 'N'),
('96410', 'เทคโนโลยีสารสนเทศสำหรับการบัญชีการเงิน และการบัญชีเพื่อการจัดการ', 2, 'N', 'N', 'N'),
('96411', 'ระบบสารสนเทศและการจัดการความรู้', 1, 'N', 'N', 'N'),
('96412', 'การบริหารโครงการด้านเทคโนโลยีสารสนเทศ', 1, 'N', 'N', 'N'),
('96413', 'การออกแบบและพัฒนาเว็บ', 1, 'N', 'N', 'N'),
('96414', 'การโปรแกรมคอมพิวเตอร์', 1, 'N', 'N', 'N'),
('96415', 'ระบบธุรกิจอัจฉริยะ', 1, 'N', 'N', 'N'),
('97101', 'ความรู้ทั่วไปเกี่ยวกับการพิมพ์', 1, 'N', 'N', 'N'),
('97103', 'ความรู้ทั่วไปเกี่ยวกับบรรจุภัณฑ์', 2, 'N', 'N', 'N'),
('97210', 'คณิตศาสตร์ประยุกต์สำหรับเทคโนโลยีอุตสาหกรรม', 1, 'N', 'N', 'N'),
('97212', 'เศรษฐศาสตร์ประยุกต์ในอุตสาหกรรม', 1, 'N', 'N', 'N'),
('97213', 'ความรู้เบื้องต้นเกี่ยวกับกระบวนการผลิต', 2, 'N', 'N', 'N'),
('97214', 'วัสดุทางการพิมพ์และบรรจุภัณฑ์', 12, 'Y', 'N', 'N'),
('97215', 'วิทยาศาสตร์และเทคโนโลยีการพิมพ์และบรรจุภัณฑ์', 1, 'N', 'N', 'N'),
('97216', 'เทคโนโลยีกระบวนการพิมพ์', 2, 'N', 'N', 'N'),
('97217', 'พื้นฐานทางวิศวกรรมเครื่องกลสำหรับเทคโนโลยีอุตสาหกรรม', 2, 'N', 'N', 'N'),
('97218', 'การจัดการด าเนินงานและการเป็นผู้ประกอบการ', 1, 'N', 'N', 'N'),
('97219', 'วัสดุอุตสาหกรรมและกรรมวิธีการผลิต', 2, 'N', 'N', 'N'),
('97314', 'เทคโนโลยีการวางแผนและการควบคุมทางการผลิต  ในอุตสาหกรรม', 2, 'N', 'N', 'N'),
('97315', 'เครอื่ งมือและเครอื่ งจักรกลการผลิต', 1, 'N', 'N', 'N'),
('97316', 'เทคโนโลยีในการออกแบบผลิตภัณฑ์และ กระบวนการผลิตในอุตสาหกรรม', 2, 'N', 'N', 'N'),
('97317', 'ระบบสารสนเทศและระบบอัตโนมัติในอุตสาหกรรม', 1, 'N', 'N', 'N'),
('97318', 'การออกแบบทางการพิมพ์และบรรจุภัณฑ์', 2, 'N', 'N', 'N'),
('97403', 'เทคโนโลยีก่อนพิมพ์', 1, 'N', 'N', 'N'),
('97407', 'การจัดการทางการผลิตและการควบคุมคุณภาพ ทางการพิมพ์', 2, 'N', 'N', 'N'),
('97410', 'การจัดการธุรกิจการพิมพ์', 1, 'N', 'N', 'N'),
('97418', 'ความปลอดภัย อาชีวอนามัยและสิ่งแวดล้อมในอุตสาหกรรม', 2, 'N', 'N', 'N'),
('97419', 'มาตรฐานการจัดการอุตสาหกรรม และมาตรฐานอุตสาหกรรม', 1, 'N', 'N', 'N'),
('97420', 'การจัดการโลจิสติกส์และโซ่อุปทานสำหรับอุตสาหกรรม', 1, 'N', 'N', 'N'),
('97421', 'ประสบการณ์วิชาชีพเทคโนโลยีการผลิตอุตสาหกรรม', 12, 'Y', 'N', 'N'),
('97422', 'การศึกษาความเป็นไปได้และการวิเคราะห์แนวโน้ม ทางอุตสาหกรรม', 2, 'N', 'N', 'N'),
('97423', 'การวางผังโรงงานและการศึกษาการทา งาน ในอุตสาหกรรม', 1, 'N', 'N', 'N'),
('97424', 'กลยุทธ์การจัดการระบบปฏิบัติการในอุตสาหกรรม', 2, 'N', 'N', 'N'),
('97426', 'วิศวกรรมทางไฟฟ้าและคอมพิวเตอร์ประยุกต์', 2, 'N', 'N', 'N'),
('97431', 'เทคโนโลยีการแปรรูปบรรจุภัณฑ์', 1, 'N', 'N', 'N'),
('97432', 'ประสบการณ์วิชาชีพเทคโนโลยีการพิมพ์และบรรจุภัณฑ์', 12, 'Y', 'N', 'N'),
('97433', 'การศึกษาความเป็นไปได้ทางอุตสาหกรรม  และการจัดการโครงการ', 1, 'N', 'N', 'N'),
('97434', 'เทคโนโลยีหลังพิมพ์', 2, 'N', 'N', 'N'),
('99201', 'วิทยาศาสตร์สำหรับเทคโนโลยีสารสนเทศและการสื่อสาร', 2, 'N', 'N', 'N'),
('99202', 'การวิเคราะห์ข้อมูล', 1, 'N', 'N', 'N'),
('99301', 'เทคโนโลยีการบริการผ่านเว็บและการประยุกต์', 2, 'N', 'N', 'N'),
('99311', 'ระบบสำนักงานอัตโนมัติและพาณิชย์อิเล็กทรอนิกส์', 1, 'N', 'N', 'N'),
('99312', 'คณิตศาสตร์สำหรับเทคโนโลยีสารสนเทศและการสื่อสาร', 2, 'N', 'N', 'N'),
('99313', 'การสื่อสารไร้สายและเครือข่าย', 1, 'N', 'N', 'N'),
('99314', 'โครงสร้างข้อมูลและขั้นตอนวิธี  สำหรับผู้สูงอายุ', 1, 'N', 'N', 'N'),
('99315', 'สถาปัตยกรรมคอมพิวเตอร์และระบบปฏิบัติการ', 1, 'N', 'N', 'N'),
('99316', 'การวิเคราะห์และออกแบบระบบเชิงวัตถุ', 2, 'N', 'N', 'N'),
('99319', 'การออกแบบส่วนปฏิสัมพันธ์บนเว็บและโมบาย', 2, 'N', 'N', 'N'),
('99321', 'การประยุกต์เทคโนโลยีสารสนเทศและการสื่อสาร', 1, 'N', 'N', 'N'),
('99402', 'การจัดการความมั่นคงปลอดภัยในระบบคอมพิวเตอร์', 12, 'Y', 'N', 'N'),
('99409', 'ประสบการณ์วิชาชีพเทคโนโลยีสารสนเทศและการสื่อสาร', 2, 'N', 'N', 'N'),
('99410', 'การจัดการและการออกแบบระบบโทรคมนาคม', 12, 'Y', 'N', 'N'),
('99412', 'หลักการและการบริหารเครือข่าย', 2, 'N', 'N', 'N'),
('99414', 'เทคโนโลยีมัลติมีเดีย', 2, 'N', 'N', 'N'),
('99415', 'วิศวกรรมซอฟต์แวร์', 12, 'Y', 'N', 'N'),
('99419', 'ความมั่นคงปลอดภัยไซเบอร์', 1, 'N', 'N', 'N'),
('99420', 'การโปรแกรมเว็บ', 1, 'N', 'N', 'N'),
('99421', 'การโปรแกรมเชิงวัตถุ', 2, 'N', 'N', 'N'),
('99422', 'การโปรแกรมประยุกต์บนอุปกรณ์เคลื่อนที่', 12, 'Y', 'N', 'N'),
('99429', 'ประสบการณ์วิชาชีพวิทยาการคอมพิวเตอร์', 12, 'Y', 'N', 'N');

-- --------------------------------------------------------

--
-- Table structure for table `train`
--

CREATE TABLE `train` (
  `sub_id` varchar(5) NOT NULL,
  `course_id` varchar(2) NOT NULL,
  `train_day` int(11) NOT NULL
) ENGINE=InnoDB DEFAULT CHARSET=utf8;

--
-- Dumping data for table `train`
--

INSERT INTO `train` (`sub_id`, `course_id`, `train_day`) VALUES
('11112', '18', 7),
('12409', '01', 5),
('13401', '02', 5),
('13401', '03', 5),
('14423', '04', 5),
('16344', '27', 4),
('16360', '27', 4),
('16412', '27', 5),
('16423', '27', 4),
('16426', '27', 4),
('16440', '27', 4),
('16441', '27', 4),
('16446', '27', 4),
('16448', '27', 4),
('16449', '27', 4),
('16452', '27', 4),
('16455', '27', 4),
('16457', '27', 4),
('16458', '27', 4),
('16463', '27', 4),
('21426', '07', 5),
('25411', '08', 5),
('26407', '09', 5),
('27104', '08', 4),
('27104', '09', 4),
('27104', '10', 4),
('27416', '10', 5),
('31414', '13', 5),
('32435', '16', 5),
('32456', '15', 5),
('32477', '17', 5),
('32480', '17', 5),
('32482', '14', 5),
('32483', '18', 5),
('32485', '17', 5),
('32495', '17', 5),
('33401', '19', 5),
('41444', '26', 5),
('52310', '28', 2),
('52311', '28', 4),
('52402', '28', 5),
('54113', '29', 4),
('54118', '29', 4),
('54135', '29', 5),
('55307', '38', 13),
('55310', '38', 10),
('55311', '38', 39),
('55313', '38', 10),
('55314', '38', 10),
('55315', '38', 5),
('55316', '38', 5),
('55317', '38', 10),
('55318', '38', 5),
('55319', '38', 25),
('55320', '38', 5),
('55321', '38', 5),
('55322', '38', 5),
('55324', '38', 13),
('55327', '38', 10),
('55328', '38', 10),
('55329', '38', 5),
('55330', '38', 5),
('55331', '38', 10),
('55332', '38', 5),
('55334', '38', 5),
('60499', '35', 5),
('60499', '36', 5),
('71304', '05', 4),
('71416', '05', 5),
('72402', '06', 5),
('80410', '11', 5),
('80410', '12', 5),
('91421', '20', 5),
('91467', '21', 5),
('92425', '25', 5),
('93256', '22', 4),
('93442', '22', 5),
('93446', '23', 4),
('93447', '23', 4),
('93448', '23', 5),
('93455', '22', 5),
('93460', '23', 5),
('94433', '24', 5),
('95413', '31', 3),
('95413', '32', 3),
('96408', '31', 3),
('96408', '32', 3),
('96413', '31', 3),
('96413', '32', 3),
('96414', '31', 3),
('96414', '32', 3),
('97216', '33', 4),
('97216', '34', 5),
('97315', '33', 5),
('97315', '34', 5),
('97316', '33', 5),
('97316', '34', 5),
('97318', '33', 4),
('97318', '34', 5),
('97403', '33', 4),
('97406', '33', 4),
('97407', '34', 5),
('97421', '33', 5),
('97431', '33', 4),
('97434', '34', 5),
('99311', '32', 3),
('99409', '31', 5),
('99409', '32', 5),
('99412', '32', 4),
('99421', '31', 4);

-- --------------------------------------------------------

--
-- Table structure for table `user`
--

CREATE TABLE `user` (
  `user` varchar(20) NOT NULL,
  `pass` varchar(20) NOT NULL,
  `stou_id` varchar(10) NOT NULL,
  `name` varchar(100) NOT NULL,
  `email` varchar(100) NOT NULL,
  `study` varchar(2) NOT NULL,
  `reg_date` datetime DEFAULT NULL,
  `role` varchar(1) NOT NULL,
  `age25` varchar(1) NOT NULL,
  `edu` int(11) NOT NULL
) ENGINE=InnoDB DEFAULT CHARSET=utf8;

--
-- Dumping data for table `user`
--

INSERT INTO `user` (`user`, `pass`, `stou_id`, `name`, `email`, `study`, `reg_date`, `role`, `age25`, `edu`) VALUES
('admin', '123', '99996666', 'สุชาติ สุทธาสิโนบล1', 'admin@admin.com', '05', '2021-01-02 00:45:51', 'A', 'N', 6),
('test', '123', '596000380', 'aaa', 'test@gmail.com', '03', '2021-01-01 23:16:28', 'C', 'Y', 0);

--
-- Indexes for dumped tables
--

--
-- Indexes for table `course`
--
ALTER TABLE `course`
  ADD PRIMARY KEY (`course_id`);

--
-- Indexes for table `exam`
--
ALTER TABLE `exam`
  ADD PRIMARY KEY (`sub_id`,`ex_id`);

--
-- Indexes for table `exam_choice`
--
ALTER TABLE `exam_choice`
  ADD PRIMARY KEY (`ex_id`,`ex_choice`);

--
-- Indexes for table `exam_user`
--
ALTER TABLE `exam_user`
  ADD KEY `sub_id` (`sub_id`,`ex_id`);

--
-- Indexes for table `grade`
--
ALTER TABLE `grade`
  ADD PRIMARY KEY (`user`,`sub_id`);

--
-- Indexes for table `news`
--
ALTER TABLE `news`
  ADD PRIMARY KEY (`news_id`);

--
-- Indexes for table `subject`
--
ALTER TABLE `subject`
  ADD PRIMARY KEY (`sub_id`);

--
-- Indexes for table `train`
--
ALTER TABLE `train`
  ADD PRIMARY KEY (`sub_id`,`course_id`);

--
-- Indexes for table `user`
--
ALTER TABLE `user`
  ADD PRIMARY KEY (`user`);

--
-- AUTO_INCREMENT for dumped tables
--

--
-- AUTO_INCREMENT for table `news`
--
ALTER TABLE `news`
  MODIFY `news_id` int(11) NOT NULL AUTO_INCREMENT, AUTO_INCREMENT=7;
COMMIT;

/*!40101 SET CHARACTER_SET_CLIENT=@OLD_CHARACTER_SET_CLIENT */;
/*!40101 SET CHARACTER_SET_RESULTS=@OLD_CHARACTER_SET_RESULTS */;
/*!40101 SET COLLATION_CONNECTION=@OLD_COLLATION_CONNECTION */;
